tick,signal_diversity,cooperation_density,memory_usage,exploration_rate,cdi
0,0.28260,0.00000,0.17562,0.24183,0.000000
1,0.28261,0.00000,0.34051,0.22884,0.000000
2,0.28603,0.00000,0.46554,0.27492,0.000000
3,0.28606,0.00000,0.54161,0.25852,0.000000
4,0.28857,0.00000,0.59255,0.20800,0.000000
5,0.28847,0.00000,0.65009,0.25385,0.000000
6,0.28836,0.00000,0.70360,0.22469,0.000000
7,0.28844,0.00000,0.72738,0.23776,0.000000
8,0.28704,0.00000,0.75211,0.24945,0.000000
9,0.28658,0.00000,0.77081,0.24160,0.000000
10,0.28433,0.00000,0.78219,0.22863,0.000000
11,0.28321,0.00000,0.79562,0.25714,0.000000
12,0.28126,0.00000,0.79518,0.19141,0.000000
13,0.27946,0.00000,0.80345,0.22998,0.000000
14,0.27922,0.00000,0.81243,0.26059,0.000000
15,0.28233,0.00000,0.81303,0.22531,0.000000
16,0.28494,0.00000,0.81006,0.24890,0.000000
17,0.28734,0.00000,0.81547,0.25526,0.000000
18,0.28918,0.00000,0.81115,0.23138,0.000000
19,0.29186,0.00000,0.81834,0.25223,0.000000
20,0.29255,0.00000,0.82106,0.23415,0.000000
21,0.29442,0.00115,0.81710,0.22696,0.000063
22,0.29391,0.00108,0.80374,0.23060,0.000059
23,0.29257,0.00101,0.79955,0.22290,0.000053
24,0.29125,0.00096,0.79874,0.24187,0.000054
25,0.28973,0.00091,0.81232,0.23723,0.000051
26,0.28938,0.00086,0.81061,0.21570,0.000044
27,0.28632,0.00164,0.80946,0.25574,0.000097
28,0.28531,0.00157,0.81524,0.20925,0.000076
29,0.28454,0.00150,0.82088,0.25637,0.000090
30,0.28398,0.00071,0.82266,0.22769,0.000038
31,0.28505,0.00068,0.81913,0.22245,0.000035
32,0.28391,0.00128,0.81361,0.24457,0.000072
33,0.28517,0.00061,0.81368,0.21563,0.000030
34,0.28538,0.00115,0.81354,0.22184,0.000059
35,0.28594,0.00109,0.81302,0.22410,0.000057
36,0.28613,0.00103,0.81333,0.22866,0.000055
37,0.28514,0.00098,0.80946,0.21425,0.000048
38,0.28607,0.00139,0.81318,0.21011,0.000068
39,0.28660,0.00087,0.80833,0.19415,0.000039
40,0.28564,0.00083,0.81073,0.22838,0.000044
41,0.28607,0.00078,0.81105,0.22701,0.000041
42,0.28594,0.00075,0.81917,0.21882,0.000038
43,0.28602,0.00071,0.82304,0.22435,0.000037
44,0.28734,0.00068,0.82767,0.21049,0.000034
45,0.28753,0.00067,0.85056,0.20800,0.000034
46,0.28819,0.00067,0.87876,0.21900,0.000037
47,0.28875,0.00067,0.90144,0.22100,0.000038
48,0.28986,0.00067,0.91797,0.22200,0.000039
49,0.29026,0.00067,0.93003,0.21967,0.000040
50,0.29075,0.00100,0.94168,0.21933,0.000060
51,0.29157,0.00100,0.94994,0.22533,0.000062
52,0.29212,0.00100,0.95646,0.21633,0.000060
53,0.29231,0.00067,0.95995,0.22367,0.000042
54,0.29254,0.00067,0.96250,0.21733,0.000041
55,0.29293,0.00067,0.96538,0.23233,0.000044
56,0.29284,0.00067,0.96699,0.22267,0.000042
57,0.29321,0.00067,0.96617,0.20767,0.000039
58,0.29292,0.00067,0.96480,0.21067,0.000040
59,0.29286,0.00067,0.96449,0.21700,0.000041
60,0.29160,0.00067,0.96420,0.22933,0.000043
61,0.29031,0.00067,0.96461,0.20533,0.000038
62,0.29003,0.00067,0.96326,0.21433,0.000040
63,0.28924,0.00067,0.96204,0.20767,0.000039
64,0.28814,0.00067,0.96261,0.21933,0.000041
65,0.28750,0.00067,0.96070,0.22900,0.000042
66,0.28729,0.00100,0.96152,0.22667,0.000063
67,0.28775,0.00100,0.96191,0.21667,0.000060
68,0.28812,0.00067,0.96222,0.21467,0.000040
69,0.28840,0.00067,0.95942,0.21967,0.000041
70,0.28823,0.00067,0.95937,0.21733,0.000040
71,0.28803,0.00033,0.96047,0.21867,0.000020
72,0.28790,0.00033,0.96064,0.19867,0.000018
73,0.28798,0.00067,0.96085,0.21233,0.000039
74,0.28820,0.00067,0.96165,0.22000,0.000041
75,0.28823,0.00067,0.96004,0.22833,0.000042
76,0.28831,0.00067,0.96147,0.21633,0.000040
77,0.28851,0.00067,0.95973,0.21300,0.000039
78,0.28752,0.00067,0.95937,0.22000,0.000040
79,0.28582,0.00067,0.96086,0.20700,0.000038
80,0.28484,0.00067,0.96058,0.21567,0.000039
81,0.28532,0.00067,0.96013,0.21833,0.000040
82,0.28640,0.00067,0.95963,0.22333,0.000041
83,0.28755,0.00067,0.96016,0.21567,0.000040
84,0.28910,0.00100,0.96172,0.22533,0.000063
85,0.28937,0.00067,0.96297,0.22000,0.000041
86,0.29015,0.00067,0.96305,0.22133,0.000041
87,0.29030,0.00100,0.96276,0.21467,0.000060
88,0.29056,0.00100,0.96090,0.22333,0.000062
89,0.29006,0.00100,0.96025,0.20933,0.000058
90,0.29014,0.00067,0.96040,0.21200,0.000039
91,0.29000,0.00100,0.95847,0.21633,0.000060
92,0.28989,0.00067,0.95917,0.21467,0.000040
93,0.29016,0.00100,0.96110,0.22000,0.000061
94,0.28926,0.00067,0.96391,0.20533,0.000038
95,0.28884,0.00100,0.96068,0.20400,0.000057
96,0.28824,0.00100,0.95910,0.21100,0.000058
97,0.28750,0.00067,0.95876,0.19833,0.000036
98,0.28783,0.00067,0.95854,0.21833,0.000040
99,0.28771,0.00067,0.95827,0.21400,0.000039
100,0.28751,0.00067,0.95838,0.21800,0.000040
101,0.28776,0.00067,0.95751,0.22167,0.000041
102,0.28809,0.00067,0.96048,0.21667,0.000040
103,0.28853,0.00067,0.96227,0.20700,0.000038
104,0.28897,0.00067,0.96237,0.21400,0.000040
105,0.28946,0.00100,0.96171,0.19900,0.000055
106,0.28985,0.00067,0.96197,0.19867,0.000037
107,0.29080,0.00100,0.96069,0.21700,0.000061
108,0.29038,0.00067,0.96123,0.20133,0.000037
109,0.29084,0.00100,0.96290,0.21133,0.000059
110,0.29111,0.00100,0.96295,0.19767,0.000055
111,0.29129,0.00100,0.96304,0.20800,0.000058
112,0.29128,0.00100,0.96257,0.21600,0.000061
113,0.29060,0.00067,0.96263,0.21567,0.000040
114,0.28950,0.00100,0.96310,0.20833,0.000058
115,0.28864,0.00100,0.96319,0.20567,0.000057
116,0.28767,0.00067,0.96171,0.20200,0.000037
117,0.28715,0.00100,0.96055,0.20900,0.000058
118,0.28653,0.00100,0.96031,0.20800,0.000057
119,0.28536,0.00067,0.96063,0.20700,0.000038
120,0.28473,0.00100,0.95774,0.20467,0.000056
121,0.28504,0.00100,0.95634,0.19833,0.000054
122,0.28550,0.00100,0.95393,0.19567,0.000053
123,0.28600,0.00100,0.95243,0.20067,0.000055
124,0.28612,0.00067,0.95258,0.20700,0.000038
125,0.28692,0.00100,0.95388,0.21333,0.000058
126,0.28900,0.00067,0.95475,0.21300,0.000039
127,0.29054,0.00067,0.95525,0.20600,0.000038
128,0.29165,0.00067,0.95758,0.19667,0.000037
129,0.29270,0.00067,0.95814,0.20200,0.000038
130,0.29273,0.00067,0.95983,0.21200,0.000040
131,0.29285,0.00067,0.95811,0.19800,0.000037
132,0.29267,0.00067,0.95448,0.20000,0.000037
133,0.29318,0.00067,0.95416,0.20733,0.000039
134,0.29301,0.00067,0.95352,0.20967,0.000039
135,0.29165,0.00067,0.95236,0.20633,0.000038
136,0.29056,0.00067,0.95506,0.19733,0.000037
137,0.28935,0.00067,0.95650,0.19867,0.000037
138,0.28834,0.00067,0.95740,0.20333,0.000037
139,0.28760,0.00100,0.95726,0.18967,0.000052
140,0.28714,0.00100,0.95650,0.21300,0.000058
141,0.28772,0.00100,0.95863,0.20500,0.000057
142,0.28864,0.00067,0.96033,0.21333,0.000039
143,0.28999,0.00100,0.96112,0.19433,0.000054
144,0.29096,0.00100,0.95996,0.20933,0.000058
145,0.29224,0.00067,0.95873,0.21400,0.000040
146,0.29246,0.00067,0.96052,0.20700,0.000039
147,0.29296,0.00067,0.96198,0.20533,0.000039
148,0.29334,0.00033,0.96104,0.21067,0.000020
149,0.29288,0.00067,0.96191,0.20067,0.000038
150,0.29182,0.00033,0.96201,0.20633,0.000019
151,0.29035,0.00033,0.96122,0.19500,0.000018
152,0.28920,0.00033,0.96067,0.19900,0.000018
153,0.28810,0.00067,0.96126,0.18733,0.000035
154,0.28763,0.00067,0.95925,0.20233,0.000037
155,0.28754,0.00100,0.95925,0.21467,0.000059
156,0.28624,0.00067,0.96010,0.20567,0.000038
157,0.28457,0.00067,0.95993,0.20633,0.000038
158,0.28365,0.00067,0.96111,0.18433,0.000034
159,0.28359,0.00067,0.95860,0.21500,0.000039
160,0.28379,0.00067,0.95840,0.20433,0.000037
161,0.28409,0.00067,0.95541,0.20500,0.000037
162,0.28418,0.00067,0.95597,0.22033,0.000040
163,0.28420,0.00033,0.95590,0.20600,0.000019
164,0.28509,0.00067,0.95649,0.19200,0.000035
165,0.28539,0.00033,0.95765,0.18833,0.000017
166,0.28593,0.00033,0.95840,0.20900,0.000019
167,0.28647,0.00067,0.95866,0.19800,0.000036
168,0.28726,0.00067,0.95887,0.20133,0.000037
169,0.28768,0.00033,0.95895,0.18867,0.000017
170,0.28867,0.00033,0.95968,0.19000,0.000018
171,0.28964,0.00033,0.96087,0.20000,0.000019
172,0.28973,0.00033,0.96176,0.19000,0.000018
173,0.28983,0.00067,0.96184,0.21200,0.000039
174,0.28939,0.00067,0.96185,0.19600,0.000036
175,0.28901,0.00033,0.96178,0.19667,0.000018
176,0.28792,0.00067,0.95927,0.21067,0.000039
177,0.28781,0.00033,0.95930,0.21000,0.000019
178,0.28759,0.00067,0.95885,0.18567,0.000034
179,0.28764,0.00033,0.95851,0.19200,0.000018
180,0.28778,0.00033,0.95658,0.20367,0.000019
181,0.28694,0.00033,0.95535,0.19500,0.000018
182,0.28603,0.00033,0.95689,0.19067,0.000017
183,0.28592,0.00033,0.95702,0.20300,0.000019
184,0.28634,0.00033,0.95797,0.18600,0.000017
185,0.28710,0.00033,0.95815,0.19833,0.000018
186,0.28773,0.00033,0.95803,0.20067,0.000018
187,0.28906,0.00033,0.95652,0.19933,0.000018
188,0.28943,0.00033,0.95576,0.18867,0.000017
189,0.29015,0.00100,0.95620,0.19567,0.000054
190,0.29043,0.00100,0.95696,0.19867,0.000055
191,0.28998,0.00067,0.95792,0.20100,0.000037
192,0.28931,0.00067,0.95940,0.20100,0.000037
193,0.28876,0.00067,0.95758,0.21033,0.000039
194,0.28824,0.00067,0.95642,0.20800,0.000038
195,0.28810,0.00067,0.95680,0.19667,0.000036
196,0.28826,0.00067,0.95632,0.19133,0.000035
197,0.28872,0.00067,0.95811,0.20333,0.000037
198,0.28905,0.00033,0.95757,0.20467,0.000019
199,0.28826,0.00033,0.95681,0.20700,0.000019
200,0.28768,0.00033,0.95641,0.20267,0.000019
201,0.28740,0.00033,0.95655,0.19633,0.000018
202,0.28794,0.00033,0.95763,0.19900,0.000018
203,0.28898,0.00033,0.95792,0.20400,0.000019
204,0.28986,0.00033,0.95724,0.19333,0.000018
205,0.28930,0.00033,0.95451,0.19833,0.000018
206,0.28899,0.00067,0.95564,0.19233,0.000035
207,0.28890,0.00033,0.95409,0.19267,0.000018
208,0.29029,0.00033,0.95364,0.20200,0.000019
209,0.29155,0.00033,0.95379,0.19467,0.000018
210,0.29206,0.00033,0.95305,0.19667,0.000018
211,0.29264,0.00033,0.95488,0.20300,0.000019
212,0.29234,0.00033,0.95535,0.19500,0.000018
213,0.29208,0.00033,0.95582,0.19833,0.000018
214,0.29202,0.00033,0.95555,0.19533,0.000018
215,0.29182,0.00033,0.95701,0.21633,0.000020
216,0.29165,0.00033,0.95848,0.19667,0.000018
217,0.29071,0.00033,0.95661,0.19333,0.000018
218,0.28973,0.00033,0.95569,0.20133,0.000019
219,0.28885,0.00033,0.95402,0.18333,0.000017
220,0.28764,0.00033,0.95480,0.18033,0.000017
221,0.28629,0.00033,0.95509,0.19100,0.000017
222,0.28581,0.00033,0.95649,0.19400,0.000018
223,0.28559,0.00033,0.95669,0.19533,0.000018
224,0.28641,0.00033,0.95821,0.20833,0.000019
225,0.28705,0.00033,0.95688,0.19467,0.000018
226,0.28749,0.00033,0.95731,0.20500,0.000019
227,0.28817,0.00033,0.95673,0.18967,0.000017
228,0.28837,0.00033,0.95849,0.18400,0.000017
229,0.28798,0.00033,0.95759,0.19700,0.000018
230,0.28849,0.00033,0.95597,0.19367,0.000018
231,0.28829,0.00033,0.95576,0.19067,0.000018
232,0.28863,0.00067,0.95613,0.18867,0.000035
233,0.28877,0.00067,0.95625,0.18933,0.000035
234,0.28840,0.00067,0.95415,0.18533,0.000034
235,0.28820,0.00033,0.95253,0.17333,0.000016
236,0.28857,0.00033,0.95093,0.18933,0.000017
237,0.28915,0.00033,0.94924,0.18500,0.000017
238,0.28923,0.00033,0.95035,0.18733,0.000017
239,0.29026,0.00033,0.95116,0.18267,0.000017
240,0.29139,0.00033,0.95235,0.18200,0.000017
241,0.29120,0.00033,0.95469,0.18700,0.000017
242,0.29197,0.00033,0.95344,0.19000,0.000018
243,0.29116,0.00033,0.95419,0.19600,0.000018
244,0.29061,0.00033,0.95492,0.18267,0.000017
245,0.28987,0.00033,0.95493,0.17133,0.000016
246,0.28873,0.00067,0.95387,0.18167,0.000033
247,0.28787,0.00067,0.95497,0.19133,0.000035
248,0.28738,0.00033,0.95456,0.18833,0.000017
249,0.28670,0.00067,0.95442,0.19733,0.000036
250,0.28522,0.00033,0.95622,0.18567,0.000017
251,0.28326,0.00033,0.95411,0.19733,0.000018
252,0.28293,0.00033,0.95379,0.19733,0.000018
253,0.28304,0.00033,0.95575,0.17667,0.000016
254,0.28358,0.00033,0.95542,0.18367,0.000017
255,0.28401,0.00033,0.95808,0.19000,0.000017
256,0.28499,0.00033,0.95667,0.18400,0.000017
257,0.28638,0.00033,0.95778,0.17767,0.000016
258,0.28844,0.00033,0.95738,0.19467,0.000018
259,0.29019,0.00033,0.95799,0.18000,0.000017
260,0.29153,0.00033,0.95593,0.18933,0.000018
261,0.29204,0.00000,0.95479,0.18667,0.000000
262,0.29252,0.00033,0.95563,0.18933,0.000018
263,0.29269,0.00033,0.95441,0.17833,0.000017
264,0.29213,0.00067,0.95333,0.18967,0.000035
265,0.29126,0.00067,0.95248,0.18133,0.000034
266,0.28996,0.00033,0.94894,0.17967,0.000016
267,0.28844,0.00033,0.95081,0.17933,0.000016
268,0.28764,0.00000,0.95139,0.17867,0.000000
269,0.28722,0.00033,0.95136,0.18300,0.000017
270,0.28675,0.00067,0.95267,0.17867,0.000033
271,0.28664,0.00067,0.95015,0.17300,0.000031
272,0.28713,0.00067,0.94954,0.17900,0.000033
273,0.28785,0.00067,0.94940,0.17733,0.000032
274,0.28872,0.00067,0.94892,0.17500,0.000032
275,0.28898,0.00067,0.94973,0.16067,0.000029
276,0.28873,0.00033,0.94867,0.17100,0.000016
277,0.28923,0.00067,0.94994,0.17067,0.000031
278,0.28844,0.00067,0.95069,0.17867,0.000033
279,0.28834,0.00067,0.95012,0.18667,0.000034
280,0.28848,0.00067,0.94979,0.18033,0.000033
281,0.28853,0.00067,0.94962,0.17167,0.000031
282,0.28832,0.00067,0.95045,0.18067,0.000033
283,0.28811,0.00067,0.95038,0.18067,0.000033
284,0.28859,0.00067,0.95258,0.17467,0.000032
285,0.28855,0.00067,0.94992,0.17367,0.000032
286,0.28863,0.00033,0.94692,0.18367,0.000017
287,0.28874,0.00067,0.94740,0.18467,0.000034
288,0.28859,0.00033,0.94728,0.16933,0.000015
289,0.28888,0.00033,0.94747,0.17733,0.000016
290,0.29034,0.00033,0.94735,0.17533,0.000016
291,0.29095,0.00000,0.94673,0.16900,0.000000
292,0.29085,0.00000,0.94685,0.17500,0.000000
293,0.29073,0.00033,0.94673,0.15667,0.000014
294,0.29023,0.00067,0.94839,0.18500,0.000034
295,0.29049,0.00067,0.95187,0.17967,0.000033
296,0.29052,0.00067,0.95245,0.16833,0.000031
297,0.29032,0.00067,0.95322,0.18267,0.000034
298,0.29059,0.00033,0.95381,0.16267,0.000015
299,0.28946,0.00067,0.95247,0.18267,0.000034
300,0.28878,0.00067,0.95348,0.17067,0.000031
301,0.28892,0.00067,0.95297,0.16300,0.000030
302,0.28895,0.00067,0.95380,0.15867,0.000029
303,0.28881,0.00067,0.95248,0.16833,0.000031
304,0.28912,0.00067,0.95254,0.18200,0.000033
305,0.29036,0.00033,0.95181,0.18000,0.000017
306,0.29086,0.00033,0.95042,0.17433,0.000016
307,0.29252,0.00033,0.94949,0.16500,0.000015
308,0.29361,0.00033,0.94886,0.17467,0.000016
309,0.29391,0.00067,0.94860,0.16333,0.000030
310,0.29366,0.00033,0.94842,0.16800,0.000016
311,0.29317,0.00033,0.95105,0.17633,0.000016
312,0.29233,0.00067,0.95020,0.17300,0.000032
313,0.29238,0.00033,0.95097,0.15567,0.000014
314,0.29201,0.00033,0.95346,0.17867,0.000017
315,0.29177,0.00067,0.95154,0.17633,0.000033
316,0.29095,0.00033,0.95280,0.16567,0.000015
317,0.29014,0.00033,0.95003,0.17533,0.000016
318,0.28916,0.00067,0.94824,0.16667,0.000030
319,0.28795,0.00067,0.94844,0.17367,0.000032
320,0.28741,0.00067,0.94988,0.17233,0.000031
321,0.28738,0.00033,0.94765,0.16967,0.000015
322,0.28726,0.00033,0.94761,0.16433,0.000015
323,0.28641,0.00033,0.94839,0.15833,0.000014
324,0.28554,0.00067,0.94691,0.17033,0.000031
325,0.28490,0.00033,0.94580,0.17000,0.000015
326,0.28415,0.00033,0.94336,0.15467,0.000014
327,0.28360,0.00033,0.94407,0.17033,0.000015
328,0.28261,0.00033,0.94472,0.17167,0.000015
329,0.28306,0.00033,0.94445,0.16467,0.000015
330,0.28496,0.00033,0.94565,0.16367,0.000015
331,0.28680,0.00033,0.94382,0.16667,0.000015
332,0.28784,0.00033,0.94099,0.16133,0.000015
333,0.28956,0.00033,0.93735,0.16567,0.000015
334,0.29030,0.00033,0.93713,0.16600,0.000015
335,0.29070,0.00033,0.93736,0.16300,0.000015
336,0.29092,0.00033,0.93713,0.15600,0.000014
337,0.29079,0.00033,0.93781,0.16133,0.000015
338,0.29081,0.00033,0.93933,0.16033,0.000015
339,0.29072,0.00033,0.93933,0.15900,0.000014
340,0.29033,0.00033,0.94205,0.16667,0.000015
341,0.28896,0.00033,0.94092,0.17233,0.000016
342,0.28734,0.00033,0.94012,0.16233,0.000015
343,0.28665,0.00033,0.94063,0.15733,0.000014
344,0.28696,0.00033,0.94246,0.16067,0.000014
345,0.28716,0.00033,0.94284,0.15333,0.000014
346,0.28687,0.00033,0.94360,0.15500,0.000014
347,0.28614,0.00067,0.94275,0.14733,0.000026
348,0.28564,0.00067,0.94496,0.15033,0.000027
349,0.28553,0.00033,0.94283,0.15667,0.000014
350,0.28584,0.00033,0.94188,0.14833,0.000013
351,0.28700,0.00033,0.93939,0.14967,0.000013
352,0.28724,0.00067,0.93670,0.16033,0.000029
353,0.28837,0.00067,0.93699,0.15300,0.000028
354,0.28867,0.00033,0.93822,0.14467,0.000013
355,0.28919,0.00033,0.93744,0.14433,0.000013
356,0.29051,0.00033,0.93690,0.14900,0.000014
357,0.29025,0.00067,0.93649,0.16133,0.000029
358,0.29051,0.00033,0.93599,0.15867,0.000014
359,0.29095,0.00067,0.93671,0.15433,0.000028
360,0.29112,0.00067,0.93605,0.14667,0.000027
361,0.29049,0.00033,0.93693,0.15967,0.000014
362,0.28975,0.00033,0.93462,0.14367,0.000013
363,0.28892,0.00000,0.93566,0.14033,0.000000
364,0.28852,0.00033,0.93452,0.15833,0.000014
365,0.28670,0.00033,0.93400,0.14333,0.000013
366,0.28565,0.00033,0.93303,0.14067,0.000012
367,0.28513,0.00033,0.93441,0.15067,0.000013
368,0.28440,0.00033,0.93254,0.14067,0.000012
369,0.28402,0.00033,0.93372,0.14600,0.000013
370,0.28403,0.00033,0.93398,0.14133,0.000012
371,0.28468,0.00033,0.93333,0.12733,0.000011
372,0.28435,0.00067,0.93472,0.14100,0.000025
373,0.28498,0.00067,0.93432,0.13533,0.000024
374,0.28523,0.00067,0.93568,0.13967,0.000025
375,0.28637,0.00067,0.93562,0.14067,0.000025
376,0.28703,0.00033,0.93475,0.13700,0.000012
377,0.28812,0.00067,0.93148,0.13133,0.000023
378,0.28937,0.00033,0.92952,0.12667,0.000011
379,0.29096,0.00033,0.93007,0.13533,0.000012
380,0.29219,0.00033,0.92778,0.12400,0.000011
381,0.29301,0.00033,0.92826,0.13733,0.000012
382,0.29390,0.00033,0.93077,0.13667,0.000012
383,0.29273,0.00033,0.93087,0.13467,0.000012
384,0.29231,0.00033,0.93153,0.13100,0.000012
385,0.29130,0.00000,0.93044,0.13600,0.000000
386,0.29032,0.00033,0.92970,0.13867,0.000012
387,0.28897,0.00033,0.92907,0.13233,0.000012
388,0.28855,0.00033,0.92730,0.12800,0.000011
389,0.28757,0.00033,0.92571,0.12400,0.000011
390,0.28653,0.00033,0.92494,0.12900,0.000011
391,0.28594,0.00033,0.92472,0.11767,0.000010
392,0.28488,0.00033,0.92454,0.12600,0.000011
393,0.28452,0.00033,0.92443,0.13667,0.000012
394,0.28500,0.00033,0.92656,0.11467,0.000010
395,0.28486,0.00033,0.92313,0.12667,0.000011
396,0.28521,0.00033,0.92333,0.13067,0.000011
397,0.28603,0.00033,0.92255,0.12467,0.000011
398,0.28694,0.00033,0.92473,0.12133,0.000011
399,0.28825,0.00033,0.92592,0.11067,0.000010
400,0.28943,0.00033,0.92521,0.13100,0.000012
401,0.29139,0.00033,0.92402,0.11533,0.000010
402,0.29248,0.00033,0.92478,0.12033,0.000011
403,0.29341,0.00033,0.92484,0.11400,0.000010
404,0.29415,0.00033,0.92319,0.11633,0.000011
405,0.29436,0.00033,0.92658,0.11233,0.000010
406,0.29430,0.00033,0.92573,0.10533,0.000010
407,0.29430,0.00000,0.92530,0.11700,0.000000
408,0.29301,0.00000,0.92514,0.11467,0.000000
409,0.29135,0.00033,0.92239,0.11500,0.000010
410,0.29037,0.00033,0.92283,0.11333,0.000010
411,0.28969,0.00067,0.92223,0.11133,0.000020
412,0.28867,0.00067,0.92266,0.10833,0.000019
413,0.28838,0.00033,0.92287,0.09833,0.000009
414,0.28865,0.00067,0.92350,0.10133,0.000018
415,0.28861,0.00067,0.92161,0.09900,0.000018
416,0.28848,0.00067,0.92264,0.10500,0.000019
417,0.28875,0.00067,0.92268,0.09633,0.000017
418,0.28784,0.00000,0.92412,0.10900,0.000000
419,0.28832,0.00033,0.92179,0.10833,0.000010
420,0.28818,0.00000,0.92219,0.10067,0.000000
421,0.28894,0.00033,0.92289,0.10267,0.000009
422,0.28920,0.00033,0.92268,0.09533,0.000008
423,0.28920,0.00000,0.92225,0.09867,0.000000
424,0.28887,0.00000,0.92359,0.10333,0.000000
425,0.28940,0.00033,0.92309,0.09500,0.000008
426,0.28916,0.00000,0.92508,0.08900,0.000000
427,0.28901,0.00000,0.92723,0.09633,0.000000
428,0.28866,0.00000,0.92752,0.09233,0.000000
429,0.28845,0.00033,0.92935,0.08767,0.000008
430,0.28873,0.00000,0.92908,0.08833,0.000000
431,0.28986,0.00000,0.92737,0.09900,0.000000
432,0.29040,0.00033,0.92496,0.08900,0.000008
433,0.29052,0.00033,0.92405,0.08600,0.000008
434,0.29078,0.00033,0.92482,0.07833,0.000007
435,0.29023,0.00033,0.92395,0.08300,0.000007
436,0.28978,0.00033,0.92364,0.08433,0.000008
437,0.28896,0.00033,0.92207,0.08433,0.000007
438,0.28789,0.00033,0.92406,0.08367,0.000007
439,0.28671,0.00033,0.92310,0.08033,0.000007
440,0.28618,0.00033,0.92203,0.07967,0.000007
441,0.28633,0.00033,0.92132,0.07267,0.000006
442,0.28675,0.00033,0.92060,0.07867,0.000007
443,0.28724,0.00033,0.91853,0.07900,0.000007
444,0.28806,0.00033,0.92011,0.07667,0.000007
445,0.28873,0.00033,0.91978,0.07467,0.000007
446,0.28852,0.00033,0.92032,0.06967,0.000006
447,0.28836,0.00033,0.92108,0.06967,0.000006
448,0.28883,0.00033,0.92133,0.07133,0.000006
449,0.28933,0.00033,0.92254,0.07133,0.000006
450,0.28987,0.00033,0.92583,0.07300,0.000007
451,0.29012,0.00033,0.92451,0.07000,0.000006
452,0.28980,0.00000,0.92252,0.06933,0.000000
453,0.28889,0.00000,0.92206,0.06233,0.000000
454,0.28810,0.00000,0.92137,0.06233,0.000000
455,0.28816,0.00033,0.92054,0.06333,0.000006
456,0.28786,0.00033,0.91746,0.06500,0.000006
457,0.28693,0.00033,0.91853,0.05633,0.000005
458,0.28644,0.00000,0.91807,0.05733,0.000000
459,0.28600,0.00033,0.91781,0.05833,0.000005
460,0.28581,0.00000,0.91854,0.05533,0.000000
461,0.28587,0.00033,0.91797,0.05900,0.000005
462,0.28465,0.00033,0.91802,0.06133,0.000005
463,0.28532,0.00000,0.92011,0.05700,0.000000
464,0.28565,0.00033,0.91879,0.05500,0.000005
465,0.28600,0.00000,0.92225,0.04733,0.000000
466,0.28604,0.00000,0.92201,0.05333,0.000000
467,0.28605,0.00000,0.92126,0.05933,0.000000
468,0.28586,0.00000,0.92213,0.04233,0.000000
469,0.28595,0.00000,0.92386,0.05233,0.000000
470,0.28686,0.00000,0.92440,0.05033,0.000000
471,0.28734,0.00033,0.92348,0.04700,0.000004
472,0.28741,0.00033,0.92519,0.04333,0.000004
473,0.28772,0.00033,0.92592,0.05200,0.000005
474,0.28837,0.00033,0.92613,0.04767,0.000004
475,0.28946,0.00000,0.92593,0.04667,0.000000
476,0.29002,0.00000,0.92515,0.04567,0.000000
477,0.29103,0.00000,0.92513,0.04133,0.000000
478,0.29277,0.00033,0.92554,0.04467,0.000004
479,0.29368,0.00000,0.92531,0.03667,0.000000
480,0.29440,0.00033,0.92595,0.03400,0.000003
481,0.29470,0.00033,0.92672,0.03800,0.000003
482,0.29424,0.00000,0.92565,0.03933,0.000000
483,0.29424,0.00000,0.92562,0.04400,0.000000
484,0.29414,0.00000,0.92606,0.04233,0.000000
485,0.29389,0.00000,0.92638,0.04833,0.000000
486,0.29274,0.00000,0.92657,0.03800,0.000000
487,0.29208,0.00000,0.92629,0.02867,0.000000
488,0.29149,0.00000,0.92382,0.03567,0.000000
489,0.29089,0.00000,0.92436,0.03167,0.000000
490,0.29010,0.00000,0.92210,0.03400,0.000000
491,0.28919,0.00000,0.92071,0.03733,0.000000
492,0.28821,0.00000,0.92109,0.03933,0.000000
493,0.28782,0.00000,0.91967,0.03067,0.000000
494,0.28820,0.00000,0.92027,0.03533,0.000000
495,0.28898,0.00000,0.92201,0.03133,0.000000
496,0.28934,0.00000,0.92423,0.03367,0.000000
497,0.28943,0.00000,0.92197,0.03300,0.000000
498,0.28995,0.00000,0.92055,0.02700,0.000000
499,0.28997,0.00000,0.92342,0.02967,0.000000
500,0.29014,0.00000,0.92495,0.03600,0.000000
501,0.28974,0.00000,0.92574,0.02867,0.000000
502,0.28950,0.00000,0.92494,0.02900,0.000000
503,0.29010,0.00000,0.92528,0.02667,0.000000
504,0.29029,0.00000,0.92368,0.02733,0.000000
505,0.28979,0.00000,0.92471,0.02867,0.000000
506,0.28860,0.00000,0.92487,0.02767,0.000000
507,0.28743,0.00000,0.92444,0.03200,0.000000
508,0.28632,0.00000,0.92742,0.02900,0.000000
509,0.28512,0.00000,0.92703,0.02733,0.000000
510,0.28409,0.00000,0.92957,0.02867,0.000000
511,0.28370,0.00000,0.92905,0.02300,0.000000
512,0.28290,0.00000,0.92664,0.02800,0.000000
513,0.28287,0.00000,0.92659,0.02500,0.000000
514,0.28291,0.00000,0.92762,0.02733,0.000000
515,0.28359,0.00000,0.92790,0.02167,0.000000
516,0.28484,0.00000,0.92860,0.03167,0.000000
517,0.28572,0.00000,0.92551,0.02367,0.000000
518,0.28630,0.00000,0.92616,0.02533,0.000000
519,0.28674,0.00000,0.92770,0.02333,0.000000
520,0.28732,0.00000,0.92542,0.02433,0.000000
521,0.28818,0.00000,0.92557,0.02467,0.000000
522,0.28847,0.00000,0.92619,0.02300,0.000000
523,0.28912,0.00000,0.92426,0.02700,0.000000
524,0.28957,0.00000,0.92515,0.03100,0.000000
525,0.28882,0.00000,0.92812,0.02467,0.000000
526,0.28906,0.00000,0.93067,0.02400,0.000000
527,0.28882,0.00000,0.93349,0.01767,0.000000
528,0.28921,0.00000,0.93285,0.01967,0.000000
529,0.28858,0.00000,0.93016,0.02400,0.000000
530,0.28847,0.00000,0.92874,0.02967,0.000000
531,0.28849,0.00000,0.92822,0.02433,0.000000
532,0.28836,0.00000,0.92731,0.01967,0.000000
533,0.28725,0.00000,0.92556,0.02367,0.000000
534,0.28689,0.00000,0.92581,0.02400,0.000000
535,0.28749,0.00000,0.92538,0.02033,0.000000
536,0.28809,0.00000,0.92482,0.02667,0.000000
537,0.28832,0.00000,0.92438,0.02233,0.000000
538,0.28833,0.00000,0.92502,0.02367,0.000000
539,0.28763,0.00000,0.92529,0.02100,0.000000
540,0.28801,0.00000,0.92564,0.01933,0.000000
541,0.28910,0.00000,0.92452,0.02400,0.000000
542,0.28935,0.00000,0.92373,0.02333,0.000000
543,0.28986,0.00000,0.92400,0.02867,0.000000
544,0.28997,0.00000,0.92143,0.02167,0.000000
545,0.29100,0.00000,0.92443,0.01933,0.000000
546,0.29146,0.00000,0.92413,0.02133,0.000000
547,0.29184,0.00000,0.92291,0.02467,0.000000
548,0.29164,0.00000,0.92082,0.02400,0.000000
549,0.29184,0.00000,0.92009,0.02133,0.000000
550,0.29221,0.00000,0.92070,0.02000,0.000000
551,0.29244,0.00000,0.92161,0.02667,0.000000
552,0.29240,0.00000,0.92232,0.02133,0.000000
553,0.29163,0.00000,0.92417,0.02400,0.000000
554,0.29092,0.00000,0.92391,0.02567,0.000000
555,0.29048,0.00000,0.92447,0.02000,0.000000
556,0.29021,0.00000,0.92377,0.02000,0.000000
557,0.28996,0.00000,0.92511,0.02200,0.000000
558,0.28986,0.00000,0.92491,0.02400,0.000000
559,0.28951,0.00000,0.92752,0.02500,0.000000
560,0.28933,0.00000,0.92631,0.02333,0.000000
561,0.28823,0.00000,0.92491,0.02433,0.000000
562,0.28782,0.00000,0.92322,0.02433,0.000000
563,0.28725,0.00000,0.92161,0.02300,0.000000
564,0.28709,0.00000,0.92413,0.01900,0.000000
565,0.28769,0.00000,0.92314,0.01833,0.000000
566,0.28766,0.00000,0.92353,0.02267,0.000000
567,0.28820,0.00000,0.92524,0.02100,0.000000
568,0.28830,0.00000,0.92709,0.02367,0.000000
569,0.28850,0.00000,0.92511,0.02300,0.000000
570,0.28917,0.00000,0.92389,0.01600,0.000000
571,0.28873,0.00000,0.92575,0.02033,0.000000
572,0.28883,0.00000,0.92453,0.02433,0.000000
573,0.28911,0.00000,0.92246,0.01867,0.000000
574,0.28948,0.00000,0.92538,0.02567,0.000000
575,0.28993,0.00000,0.92558,0.02200,0.000000
576,0.28955,0.00000,0.92568,0.02300,0.000000
577,0.28906,0.00000,0.92567,0.01800,0.000000
578,0.28920,0.00000,0.92426,0.02067,0.000000
579,0.28847,0.00000,0.92395,0.02067,0.000000
580,0.28819,0.00000,0.92389,0.02200,0.000000
581,0.28834,0.00000,0.92348,0.02200,0.000000
582,0.28804,0.00000,0.92293,0.01867,0.000000
583,0.28842,0.00000,0.92255,0.02267,0.000000
584,0.28921,0.00000,0.92464,0.01800,0.000000
585,0.28885,0.00000,0.92251,0.02167,0.000000
586,0.28966,0.00000,0.92142,0.02100,0.000000
587,0.29003,0.00000,0.91975,0.01767,0.000000
588,0.29035,0.00000,0.92292,0.02133,0.000000
589,0.29029,0.00000,0.92738,0.01767,0.000000
590,0.29030,0.00000,0.92777,0.01800,0.000000
591,0.28936,0.00000,0.92774,0.01233,0.000000
592,0.28871,0.00000,0.92844,0.02000,0.000000
593,0.28898,0.00000,0.92708,0.01900,0.000000
594,0.28875,0.00000,0.92741,0.02133,0.000000
595,0.28825,0.00000,0.92888,0.02433,0.000000
596,0.28842,0.00000,0.92742,0.02033,0.000000
597,0.28821,0.00000,0.92696,0.01967,0.000000
598,0.28794,0.00000,0.92837,0.02000,0.000000
599,0.28799,0.00000,0.92799,0.02400,0.000000
600,0.28657,0.00000,0.92808,0.02567,0.000000
601,0.28627,0.00000,0.92912,0.01600,0.000000
602,0.28590,0.00000,0.92942,0.01967,0.000000
603,0.28604,0.00000,0.92908,0.02333,0.000000
604,0.28604,0.00000,0.92632,0.02000,0.000000
605,0.28541,0.00000,0.92684,0.02267,0.000000
606,0.28512,0.00000,0.92470,0.02400,0.000000
607,0.28542,0.00000,0.92366,0.02067,0.000000
608,0.28567,0.00000,0.92671,0.01800,0.000000
609,0.28643,0.00000,0.92835,0.02200,0.000000
610,0.28641,0.00000,0.92821,0.01733,0.000000
611,0.28738,0.00000,0.92971,0.02367,0.000000
612,0.28782,0.00000,0.92814,0.02333,0.000000
613,0.28857,0.00000,0.92897,0.01767,0.000000
614,0.29037,0.00000,0.92807,0.02333,0.000000
615,0.29055,0.00000,0.92739,0.02300,0.000000
616,0.29049,0.00000,0.92901,0.01800,0.000000
617,0.28987,0.00000,0.92706,0.02200,0.000000
618,0.29014,0.00000,0.92581,0.01933,0.000000
619,0.28985,0.00000,0.92719,0.02033,0.000000
620,0.29019,0.00000,0.92683,0.01500,0.000000
621,0.28989,0.00000,0.92626,0.02233,0.000000
622,0.28924,0.00000,0.92519,0.02100,0.000000
623,0.28942,0.00000,0.92526,0.01367,0.000000
624,0.28928,0.00000,0.92573,0.02533,0.000000
625,0.28818,0.00000,0.92502,0.01967,0.000000
626,0.28666,0.00000,0.92420,0.01900,0.000000
627,0.28496,0.00000,0.92617,0.02067,0.000000
628,0.28450,0.00000,0.92274,0.01867,0.000000
629,0.28520,0.00000,0.92473,0.01967,0.000000
630,0.28699,0.00000,0.92370,0.01933,0.000000
631,0.28814,0.00000,0.92489,0.01933,0.000000
632,0.28783,0.00000,0.92558,0.02200,0.000000
633,0.28813,0.00000,0.92379,0.02267,0.000000
634,0.28818,0.00000,0.92233,0.02233,0.000000
635,0.28879,0.00000,0.92415,0.02333,0.000000
636,0.28978,0.00000,0.92421,0.01933,0.000000
637,0.29094,0.00000,0.92566,0.02467,0.000000
638,0.29144,0.00000,0.92415,0.02600,0.000000
639,0.29144,0.00000,0.92329,0.02467,0.000000
640,0.29133,0.00000,0.92356,0.01967,0.000000
641,0.29150,0.00000,0.92226,0.02400,0.000000
642,0.29129,0.00000,0.92305,0.01933,0.000000
643,0.29129,0.00000,0.92342,0.01567,0.000000
644,0.29034,0.00000,0.92025,0.02100,0.000000
645,0.28956,0.00000,0.91881,0.01733,0.000000
646,0.28910,0.00000,0.91965,0.02267,0.000000
647,0.28877,0.00000,0.92191,0.01933,0.000000
648,0.28749,0.00000,0.92472,0.01967,0.000000
649,0.28684,0.00000,0.92444,0.02100,0.000000
650,0.28605,0.00000,0.92613,0.02133,0.000000
651,0.28566,0.00000,0.92680,0.02167,0.000000
652,0.28501,0.00000,0.92753,0.02000,0.000000
653,0.28485,0.00000,0.92634,0.01733,0.000000
654,0.28597,0.00000,0.92662,0.02100,0.000000
655,0.28725,0.00000,0.92511,0.02200,0.000000
656,0.28764,0.00000,0.92248,0.02133,0.000000
657,0.28936,0.00000,0.92259,0.02367,0.000000
658,0.29021,0.00000,0.92366,0.01967,0.000000
659,0.29065,0.00000,0.92285,0.02033,0.000000
660,0.29170,0.00000,0.92282,0.02100,0.000000
661,0.29234,0.00000,0.92196,0.01833,0.000000
662,0.29345,0.00000,0.92221,0.01967,0.000000
663,0.29387,0.00000,0.92396,0.02200,0.000000
664,0.29315,0.00000,0.92307,0.02100,0.000000
665,0.29325,0.00000,0.92321,0.02300,0.000000
666,0.29278,0.00000,0.92335,0.02367,0.000000
667,0.29199,0.00000,0.92362,0.02233,0.000000
668,0.29101,0.00000,0.92245,0.01967,0.000000
669,0.29035,0.00000,0.92366,0.01733,0.000000
670,0.28976,0.00000,0.92250,0.02067,0.000000
671,0.28897,0.00000,0.92472,0.01833,0.000000
672,0.28827,0.00000,0.92419,0.02000,0.000000
673,0.28693,0.00000,0.92461,0.01833,0.000000
674,0.28628,0.00000,0.92421,0.02133,0.000000
675,0.28599,0.00000,0.92341,0.02367,0.000000
676,0.28534,0.00000,0.92415,0.01900,0.000000
677,0.28596,0.00000,0.92592,0.01533,0.000000
678,0.28672,0.00000,0.92732,0.02033,0.000000
679,0.28803,0.00000,0.92956,0.01800,0.000000
680,0.28852,0.00000,0.92872,0.01933,0.000000
681,0.28896,0.00000,0.92765,0.02133,0.000000
682,0.28955,0.00000,0.92968,0.01467,0.000000
683,0.28922,0.00000,0.92869,0.01567,0.000000
684,0.28878,0.00000,0.92891,0.01867,0.000000
685,0.28915,0.00000,0.92972,0.01467,0.000000
686,0.28786,0.00000,0.92946,0.01967,0.000000
687,0.28802,0.00000,0.93033,0.01467,0.000000
688,0.28811,0.00000,0.93103,0.01867,0.000000
689,0.28802,0.00000,0.93010,0.02000,0.000000
690,0.28770,0.00000,0.92981,0.01933,0.000000
691,0.28718,0.00000,0.92883,0.02000,0.000000
692,0.28575,0.00000,0.92680,0.01900,0.000000
693,0.28532,0.00000,0.92370,0.01633,0.000000
694,0.28415,0.00000,0.92299,0.01667,0.000000
695,0.28287,0.00000,0.92254,0.01633,0.000000
696,0.28227,0.00000,0.92270,0.01300,0.000000
697,0.28172,0.00000,0.92328,0.01867,0.000000
698,0.28128,0.00000,0.92178,0.02067,0.000000
699,0.28108,0.00000,0.92565,0.01933,0.000000
700,0.28049,0.00000,0.92576,0.01533,0.000000
701,0.28143,0.00000,0.92659,0.01567,0.000000
702,0.28166,0.00000,0.92800,0.01633,0.000000
703,0.28199,0.00000,0.93001,0.02233,0.000000
704,0.28313,0.00000,0.93160,0.01933,0.000000
705,0.28460,0.00000,0.92996,0.02100,0.000000
706,0.28669,0.00000,0.92798,0.01700,0.000000
707,0.28898,0.00000,0.92680,0.01967,0.000000
708,0.29050,0.00000,0.92717,0.01800,0.000000
709,0.29041,0.00000,0.92494,0.01900,0.000000
710,0.29076,0.00000,0.92578,0.01900,0.000000
711,0.29089,0.00000,0.92631,0.01600,0.000000
712,0.29118,0.00000,0.92757,0.01967,0.000000
713,0.29099,0.00000,0.92402,0.01633,0.000000
714,0.29101,0.00000,0.92317,0.02233,0.000000
715,0.29231,0.00000,0.92381,0.02233,0.000000
716,0.29149,0.00000,0.92523,0.01967,0.000000
717,0.29181,0.00000,0.92513,0.01667,0.000000
718,0.29157,0.00000,0.92487,0.01600,0.000000
719,0.29090,0.00000,0.92483,0.02100,0.000000
720,0.28977,0.00000,0.92588,0.02167,0.000000
721,0.28864,0.00000,0.92517,0.01767,0.000000
722,0.28723,0.00000,0.92811,0.01967,0.000000
723,0.28728,0.00000,0.92715,0.02133,0.000000
724,0.28757,0.00000,0.92530,0.01767,0.000000
725,0.28858,0.00000,0.92443,0.02033,0.000000
726,0.28886,0.00000,0.92567,0.02200,0.000000
727,0.28990,0.00000,0.92436,0.01833,0.000000
728,0.29067,0.00000,0.92391,0.01500,0.000000
729,0.29097,0.00000,0.92485,0.02333,0.000000
730,0.29116,0.00000,0.92569,0.02200,0.000000
731,0.29141,0.00000,0.92719,0.02567,0.000000
732,0.29108,0.00000,0.92629,0.02133,0.000000
733,0.29144,0.00000,0.92645,0.01433,0.000000
734,0.29102,0.00000,0.92637,0.01967,0.000000
735,0.29171,0.00000,0.92504,0.01633,0.000000
736,0.29246,0.00000,0.92317,0.02667,0.000000
737,0.29243,0.00000,0.92194,0.01767,0.000000
738,0.29249,0.00000,0.92281,0.01900,0.000000
739,0.29216,0.00000,0.92176,0.01800,0.000000
740,0.29195,0.00000,0.91996,0.01667,0.000000
741,0.29154,0.00000,0.92022,0.02300,0.000000
742,0.29064,0.00000,0.92108,0.01900,0.000000
743,0.28951,0.00000,0.91939,0.02233,0.000000
744,0.28836,0.00000,0.91815,0.02567,0.000000
745,0.28767,0.00000,0.91802,0.01633,0.000000
746,0.28693,0.00000,0.92159,0.01767,0.000000
747,0.28574,0.00000,0.92176,0.01433,0.000000
748,0.28551,0.00000,0.92347,0.01333,0.000000
749,0.28627,0.00000,0.92057,0.01900,0.000000
750,0.28781,0.00000,0.92169,0.01633,0.000000
751,0.28833,0.00000,0.91876,0.02167,0.000000
752,0.28912,0.00000,0.92148,0.01833,0.000000
753,0.28967,0.00000,0.92048,0.01600,0.000000
754,0.29018,0.00000,0.92240,0.01867,0.000000
755,0.29034,0.00000,0.92473,0.01867,0.000000
756,0.29014,0.00000,0.92456,0.01733,0.000000
757,0.29012,0.00000,0.92449,0.01633,0.000000
758,0.29074,0.00000,0.92517,0.02000,0.000000
759,0.29124,0.00000,0.92548,0.01900,0.000000
760,0.29115,0.00000,0.92358,0.01867,0.000000
761,0.29119,0.00000,0.92529,0.01900,0.000000
762,0.29054,0.00000,0.92772,0.02400,0.000000
763,0.28950,0.00000,0.92560,0.02100,0.000000
764,0.28802,0.00000,0.92609,0.01933,0.000000
765,0.28660,0.00000,0.92694,0.01800,0.000000
766,0.28455,0.00000,0.92766,0.02267,0.000000
767,0.28340,0.00000,0.92596,0.01767,0.000000
768,0.28243,0.00000,0.92463,0.01733,0.000000
769,0.28127,0.00000,0.92482,0.02000,0.000000
770,0.28061,0.00000,0.92448,0.01933,0.000000
771,0.28053,0.00000,0.92404,0.01900,0.000000
772,0.28214,0.00000,0.92568,0.01667,0.000000
773,0.28324,0.00000,0.92581,0.01533,0.000000
774,0.28546,0.00000,0.92316,0.01700,0.000000
775,0.28685,0.00000,0.92388,0.01600,0.000000
776,0.28881,0.00000,0.92316,0.01767,0.000000
777,0.28989,0.00000,0.92100,0.02267,0.000000
778,0.29000,0.00000,0.92092,0.01567,0.000000
779,0.29034,0.00000,0.92285,0.01333,0.000000
780,0.29144,0.00000,0.92299,0.01733,0.000000
781,0.29148,0.00000,0.92380,0.01933,0.000000
782,0.29096,0.00000,0.92518,0.01600,0.000000
783,0.29139,0.00000,0.92610,0.01667,0.000000
784,0.29177,0.00000,0.92763,0.01633,0.000000
785,0.29122,0.00000,0.92914,0.01733,0.000000
786,0.29053,0.00000,0.92937,0.01300,0.000000
787,0.29016,0.00000,0.93001,0.01667,0.000000
788,0.28919,0.00000,0.93127,0.01467,0.000000
789,0.28865,0.00000,0.93467,0.01700,0.000000
790,0.28764,0.00000,0.93627,0.02033,0.000000
791,0.28709,0.00000,0.93710,0.01533,0.000000
792,0.28666,0.00000,0.93542,0.01933,0.000000
793,0.28650,0.00000,0.93421,0.01833,0.000000
794,0.28631,0.00000,0.93364,0.02133,0.000000
795,0.28676,0.00000,0.93354,0.01500,0.000000
796,0.28743,0.00000,0.93274,0.01900,0.000000
797,0.28806,0.00000,0.93282,0.02033,0.000000
798,0.28901,0.00000,0.93351,0.01700,0.000000
799,0.28864,0.00000,0.93324,0.01433,0.000000
800,0.28964,0.00000,0.93238,0.02067,0.000000
801,0.29066,0.00000,0.93294,0.01900,0.000000
802,0.29125,0.00000,0.93322,0.01733,0.000000
803,0.29234,0.00000,0.93301,0.01733,0.000000
804,0.29315,0.00000,0.93163,0.01733,0.000000
805,0.29276,0.00000,0.93111,0.02400,0.000000
806,0.29230,0.00000,0.93135,0.01833,0.000000
807,0.29287,0.00000,0.92965,0.01500,0.000000
808,0.29319,0.00000,0.92974,0.01800,0.000000
809,0.29355,0.00000,0.92987,0.01867,0.000000
810,0.29348,0.00000,0.92651,0.01867,0.000000
811,0.29318,0.00000,0.92917,0.01233,0.000000
812,0.29268,0.00000,0.92871,0.01800,0.000000
813,0.29247,0.00000,0.92590,0.01733,0.000000
814,0.29083,0.00000,0.92796,0.02133,0.000000
815,0.29056,0.00000,0.92705,0.01600,0.000000
816,0.28892,0.00000,0.92709,0.01933,0.000000
817,0.28781,0.00000,0.92650,0.01600,0.000000
818,0.28645,0.00000,0.92774,0.01733,0.000000
819,0.28635,0.00000,0.92599,0.01900,0.000000
820,0.28616,0.00000,0.92552,0.01700,0.000000
821,0.28699,0.00000,0.92747,0.01833,0.000000
822,0.28836,0.00000,0.92676,0.01567,0.000000
823,0.28848,0.00000,0.92784,0.01733,0.000000
824,0.28932,0.00000,0.92766,0.02067,0.000000
825,0.29098,0.00000,0.92891,0.01733,0.000000
826,0.29187,0.00000,0.92874,0.01633,0.000000
827,0.29223,0.00000,0.92758,0.01533,0.000000
828,0.29220,0.00000,0.92735,0.02033,0.000000
829,0.29156,0.00000,0.92837,0.01933,0.000000
830,0.29085,0.00000,0.92825,0.02000,0.000000
831,0.29085,0.00000,0.92565,0.02067,0.000000
832,0.29020,0.00000,0.92642,0.01933,0.000000
833,0.28946,0.00000,0.92592,0.01733,0.000000
834,0.28829,0.00000,0.92396,0.01533,0.000000
835,0.28700,0.00000,0.92477,0.01900,0.000000
836,0.28628,0.00000,0.92453,0.01467,0.000000
837,0.28651,0.00000,0.92564,0.01433,0.000000
838,0.28603,0.00000,0.92667,0.02067,0.000000
839,0.28499,0.00000,0.92526,0.01933,0.000000
840,0.28363,0.00000,0.92463,0.01967,0.000000
841,0.28322,0.00000,0.92459,0.01400,0.000000
842,0.28370,0.00000,0.92538,0.01667,0.000000
843,0.28479,0.00000,0.92468,0.01567,0.000000
844,0.28535,0.00000,0.92624,0.01567,0.000000
845,0.28599,0.00000,0.92822,0.01633,0.000000
846,0.28673,0.00000,0.92699,0.02133,0.000000
847,0.28753,0.00000,0.92595,0.01900,0.000000
848,0.28820,0.00000,0.92508,0.01467,0.000000
849,0.28860,0.00000,0.92392,0.01700,0.000000
850,0.28770,0.00000,0.92489,0.01333,0.000000
851,0.28753,0.00000,0.92373,0.01633,0.000000
852,0.28704,0.00000,0.92423,0.01900,0.000000
853,0.28596,0.00000,0.92537,0.01867,0.000000
854,0.28567,0.00000,0.92297,0.01533,0.000000
855,0.28531,0.00000,0.92358,0.01567,0.000000
856,0.28608,0.00000,0.92002,0.02167,0.000000
857,0.28672,0.00000,0.91924,0.01633,0.000000
858,0.28754,0.00000,0.92042,0.02267,0.000000
859,0.28810,0.00000,0.91971,0.02000,0.000000
860,0.28885,0.00000,0.91983,0.01767,0.000000
861,0.28954,0.00000,0.92045,0.01667,0.000000
862,0.28966,0.00000,0.91863,0.01733,0.000000
863,0.28878,0.00000,0.92128,0.01667,0.000000
864,0.28804,0.00000,0.92334,0.02333,0.000000
865,0.28805,0.00000,0.92338,0.01467,0.000000
866,0.28689,0.00000,0.92231,0.02367,0.000000
867,0.28621,0.00000,0.92076,0.01667,0.000000
868,0.28557,0.00000,0.92090,0.01900,0.000000
869,0.28615,0.00000,0.92068,0.01900,0.000000
870,0.28560,0.00000,0.92253,0.01967,0.000000
871,0.28484,0.00000,0.92257,0.02067,0.000000
872,0.28486,0.00000,0.92522,0.02267,0.000000
873,0.28552,0.00000,0.92462,0.01800,0.000000
874,0.28667,0.00000,0.92388,0.01533,0.000000
875,0.28912,0.00000,0.92369,0.01767,0.000000
876,0.29052,0.00000,0.92102,0.01900,0.000000
877,0.29199,0.00000,0.92352,0.02033,0.000000
878,0.29272,0.00000,0.92432,0.02133,0.000000
879,0.29384,0.00000,0.92658,0.02033,0.000000
880,0.29501,0.00000,0.92362,0.01933,0.000000
881,0.29445,0.00000,0.92255,0.01667,0.000000
882,0.29343,0.00000,0.92014,0.01467,0.000000
883,0.29289,0.00000,0.92035,0.02000,0.000000
884,0.29188,0.00000,0.92005,0.01600,0.000000
885,0.29049,0.00000,0.92179,0.01867,0.000000
886,0.28853,0.00000,0.92148,0.01733,0.000000
887,0.28827,0.00000,0.92374,0.01833,0.000000
888,0.28782,0.00000,0.92594,0.01633,0.000000
889,0.28799,0.00000,0.92622,0.02100,0.000000
890,0.28798,0.00000,0.92676,0.02200,0.000000
891,0.28883,0.00000,0.92636,0.02167,0.000000
892,0.28870,0.00000,0.92583,0.01767,0.000000
893,0.28873,0.00000,0.92462,0.01900,0.000000
894,0.28862,0.00000,0.92417,0.01500,0.000000
895,0.28858,0.00000,0.92568,0.01833,0.000000
896,0.28895,0.00000,0.92548,0.01400,0.000000
897,0.28851,0.00000,0.92380,0.02000,0.000000
898,0.28833,0.00000,0.92470,0.01400,0.000000
899,0.28943,0.00000,0.92412,0.02233,0.000000
900,0.28996,0.00000,0.92284,0.01633,0.000000
901,0.29053,0.00000,0.92055,0.01833,0.000000
902,0.29113,0.00000,0.91841,0.02067,0.000000
903,0.29282,0.00000,0.91954,0.01567,0.000000
904,0.29330,0.00000,0.91955,0.02000,0.000000
905,0.29372,0.00000,0.92242,0.01433,0.000000
906,0.29266,0.00000,0.92253,0.01400,0.000000
907,0.29186,0.00000,0.92460,0.01200,0.000000
908,0.28985,0.00000,0.92576,0.01967,0.000000
909,0.28889,0.00000,0.92622,0.01733,0.000000
910,0.28753,0.00000,0.92713,0.01300,0.000000
911,0.28633,0.00000,0.92622,0.01933,0.000000
912,0.28545,0.00000,0.92787,0.02100,0.000000
913,0.28495,0.00000,0.92723,0.02000,0.000000
914,0.28451,0.00000,0.92785,0.01867,0.000000
915,0.28439,0.00000,0.92806,0.01800,0.000000
916,0.28563,0.00000,0.92813,0.01667,0.000000
917,0.28629,0.00000,0.92969,0.01800,0.000000
918,0.28719,0.00000,0.93022,0.01967,0.000000
919,0.28777,0.00000,0.93171,0.02233,0.000000
920,0.28860,0.00000,0.93096,0.02100,0.000000
921,0.28877,0.00000,0.93004,0.01700,0.000000
922,0.28947,0.00000,0.92900,0.01967,0.000000
923,0.29026,0.00000,0.92821,0.01833,0.000000
924,0.29028,0.00000,0.92715,0.01667,0.000000
925,0.29079,0.00000,0.92761,0.01900,0.000000
926,0.29033,0.00000,0.92713,0.01800,0.000000
927,0.29009,0.00000,0.92790,0.02167,0.000000
928,0.28982,0.00000,0.92803,0.01833,0.000000
929,0.28936,0.00000,0.92688,0.01600,0.000000
930,0.28885,0.00000,0.92714,0.01633,0.000000
931,0.28742,0.00000,0.92657,0.01667,0.000000
932,0.28658,0.00000,0.92693,0.01133,0.000000
933,0.28601,0.00000,0.92615,0.01467,0.000000
934,0.28405,0.00000,0.92619,0.01300,0.000000
935,0.28249,0.00000,0.92623,0.01933,0.000000
936,0.28263,0.00000,0.92724,0.01567,0.000000
937,0.28295,0.00000,0.92717,0.01267,0.000000
938,0.28264,0.00000,0.92917,0.01800,0.000000
939,0.28232,0.00000,0.92719,0.01867,0.000000
940,0.28270,0.00000,0.92800,0.01833,0.000000
941,0.28348,0.00000,0.92841,0.01400,0.000000
942,0.28464,0.00000,0.93055,0.01467,0.000000
943,0.28590,0.00000,0.92978,0.01433,0.000000
944,0.28764,0.00000,0.93073,0.01867,0.000000
945,0.28921,0.00000,0.93109,0.01700,0.000000
946,0.29186,0.00000,0.92992,0.01300,0.000000
947,0.29363,0.00000,0.93028,0.01933,0.000000
948,0.29398,0.00000,0.92980,0.01767,0.000000
949,0.29456,0.00000,0.93147,0.02067,0.000000
950,0.29508,0.00000,0.93133,0.01667,0.000000
951,0.29378,0.00000,0.93267,0.01400,0.000000
952,0.29286,0.00000,0.93165,0.01867,0.000000
953,0.29083,0.00000,0.93247,0.01800,0.000000
954,0.28936,0.00000,0.93049,0.02067,0.000000
955,0.28788,0.00000,0.93025,0.01767,0.000000
956,0.28697,0.00000,0.93098,0.01900,0.000000
957,0.28673,0.00000,0.93109,0.01833,0.000000
958,0.28612,0.00000,0.92983,0.01500,0.000000
959,0.28633,0.00000,0.92774,0.02100,0.000000
960,0.28602,0.00000,0.92781,0.01767,0.000000
961,0.28687,0.00000,0.92531,0.01467,0.000000
962,0.28765,0.00000,0.92437,0.01767,0.000000
963,0.28794,0.00000,0.92362,0.01833,0.000000
964,0.28861,0.00000,0.92413,0.01900,0.000000
965,0.28874,0.00000,0.92394,0.02200,0.000000
966,0.28942,0.00000,0.92242,0.01567,0.000000
967,0.28967,0.00000,0.92415,0.01833,0.000000
968,0.28974,0.00000,0.92125,0.01933,0.000000
969,0.28924,0.00000,0.92348,0.01700,0.000000
970,0.28851,0.00000,0.92352,0.02033,0.000000
971,0.28788,0.00000,0.92441,0.01800,0.000000
972,0.28772,0.00000,0.92572,0.02200,0.000000
973,0.28870,0.00000,0.92631,0.01433,0.000000
974,0.28893,0.00000,0.92550,0.01733,0.000000
975,0.28924,0.00000,0.92347,0.02100,0.000000
976,0.28959,0.00000,0.92477,0.01733,0.000000
977,0.29008,0.00000,0.92526,0.02133,0.000000
978,0.29019,0.00000,0.92741,0.01800,0.000000
979,0.29079,0.00000,0.92722,0.01533,0.000000
980,0.29119,0.00000,0.92644,0.01967,0.000000
981,0.29096,0.00000,0.92517,0.01767,0.000000
982,0.29052,0.00000,0.92415,0.02000,0.000000
983,0.28925,0.00000,0.92330,0.01867,0.000000
984,0.28831,0.00000,0.92188,0.01733,0.000000
985,0.28726,0.00000,0.92100,0.01800,0.000000
986,0.28659,0.00000,0.92137,0.01800,0.000000
987,0.28600,0.00000,0.92249,0.01767,0.000000
988,0.28644,0.00000,0.92327,0.01900,0.000000
989,0.28607,0.00000,0.92520,0.01700,0.000000
990,0.28662,0.00000,0.92636,0.01333,0.000000
991,0.28777,0.00000,0.92617,0.01800,0.000000
992,0.28857,0.00000,0.92580,0.01633,0.000000
993,0.28959,0.00000,0.92518,0.01467,0.000000
994,0.28980,0.00000,0.92860,0.01867,0.000000
995,0.28957,0.00000,0.92979,0.01667,0.000000
996,0.28923,0.00000,0.92857,0.01967,0.000000
997,0.28900,0.00000,0.92770,0.01867,0.000000
998,0.28875,0.00000,0.92671,0.02167,0.000000
999,0.28824,0.00000,0.92664,0.01667,0.000000
