tick,generation,population,births,deaths,average_energy,dna_variance,lineage_count,cooperation_rate,mean_cluster_size,multi_cell_boss_success_rate,energy_transfer_count,signal_synchrony,mutation_count,nonzero_mutation_generations,elite_lineage_survival,adaptation_gain,extinction_events,cdi
0,1,131,11,0,22.3065,0.053658,120,0.5000,1.2748,0.0000,0,1.0000,1,1,1.0000,0.3065,0,0.3950
1,1,134,3,0,22.2816,0.053402,120,0.5000,1.3582,0.0000,0,1.0000,0,1,1.0000,0.2816,0,0.4246
2,1,140,6,0,22.0043,0.052941,120,0.5000,1.2857,0.0000,0,1.0000,1,1,1.0000,0.0043,0,0.4485
3,2,144,4,0,21.7434,0.052684,120,1.0000,1.2639,0.0000,0,1.0000,1,1,1.0000,-0.2566,0,0.6107
4,2,147,3,0,21.7053,0.052775,120,1.0000,1.2721,0.0000,0,0.9793,0,1,1.0000,-0.2947,0,0.6359
5,2,149,3,1,21.8121,0.052745,119,1.0000,1.1879,0.0000,0,0.9808,0,1,0.9787,-0.1879,0,0.6651
6,2,152,3,0,21.7210,0.052647,119,1.0000,1.1579,0.0000,0,0.9793,0,1,0.9787,-0.2790,0,0.6911
7,2,155,4,1,21.7177,0.052409,118,1.0000,1.2452,0.0000,1,0.9568,0,1,0.9574,-0.2823,0,0.7134
8,3,160,5,0,21.5812,0.052196,118,1.0000,1.3375,0.0000,0,0.9674,0,1,0.9574,-0.4188,0,0.7133
9,3,161,1,0,22.0371,0.052134,118,1.0000,1.2609,0.0000,0,0.9505,0,1,0.9574,0.0371,0,0.7216
10,3,164,3,0,22.1962,0.051816,118,1.0000,1.2561,0.0000,0,0.9654,0,1,0.9574,0.1962,0,0.7268
11,4,169,5,0,22.0116,0.051648,118,1.0000,1.3314,0.0000,0,0.8427,0,1,0.9574,0.0116,0,0.7072
12,4,173,4,0,21.9764,0.051843,118,1.0000,1.3815,0.0000,0,0.8309,0,1,0.9574,-0.0236,0,0.7049
13,4,177,4,0,22.1135,0.051818,118,1.0000,1.4407,0.0000,0,0.7994,0,1,0.9574,0.1135,0,0.7025
14,4,181,4,0,22.1804,0.051831,118,1.0000,1.5304,0.0000,0,0.8123,0,1,0.9574,0.1804,0,0.7050
15,4,184,3,0,22.2648,0.052025,118,1.0000,1.4022,0.0000,0,0.8151,0,1,0.9574,0.2648,0,0.7078
16,5,189,5,0,21.9636,0.052026,118,1.0000,1.4868,0.0000,0,0.8774,1,2,0.9574,-0.0364,0,0.7106
17,5,190,2,1,22.2153,0.051844,117,1.0000,1.4316,0.0000,0,0.8950,0,2,0.9362,0.2153,0,0.7182
18,5,194,4,0,22.1150,0.051947,117,1.0000,1.4124,0.0000,0,0.8248,0,2,0.9362,0.1150,0,0.7083
19,5,197,3,0,22.2036,0.051997,117,1.0000,1.4162,0.0000,0,0.8305,0,2,0.9362,0.2036,0,0.7115
20,5,203,6,0,22.0512,0.051869,117,1.0000,1.3350,0.0000,0,0.8309,0,2,0.9362,0.0512,0,0.7073
21,5,206,3,0,22.1485,0.051938,117,1.0000,1.3592,0.0000,1,0.8195,0,2,0.9362,0.1485,0,0.7085
22,5,213,7,0,21.8536,0.051883,117,1.0000,1.4225,0.0000,0,0.8175,0,2,0.9362,-0.1464,0,0.7014
23,5,220,7,0,21.5869,0.051906,117,1.0000,1.5182,0.0000,2,0.8158,1,2,0.9362,-0.4131,0,0.6954
24,5,228,8,0,21.3699,0.051325,117,1.0000,1.4298,0.0000,1,0.7883,0,2,0.9362,-0.6301,0,0.6865
25,5,231,3,0,21.5599,0.051407,117,1.0000,1.5022,0.0000,0,0.7901,0,2,0.9362,-0.4401,0,0.6916
26,5,236,5,0,21.4871,0.051240,117,1.0000,1.5424,0.0000,0,0.8108,1,2,0.9362,-0.5129,0,0.6940
27,6,246,10,0,21.0301,0.051528,117,1.0000,1.5691,0.0000,0,0.7877,0,2,0.9362,-0.9699,0,0.6816
28,6,249,3,0,21.1353,0.051516,117,1.0000,1.5542,0.0000,1,0.7873,0,2,0.9362,-0.8647,0,0.6864
29,6,252,4,1,21.1892,0.051437,117,1.0000,1.5635,0.0000,0,0.8422,0,2,0.9362,-0.8108,0,0.6960
30,6,258,7,1,20.9739,0.051521,116,1.0000,1.4884,0.0000,0,0.8446,0,2,0.9362,-1.0261,0,0.6930
31,6,260,2,0,21.2461,0.051443,116,1.0000,1.5077,0.0000,0,0.7705,0,2,0.9362,-0.7539,0,0.6911
32,6,262,3,1,21.4327,0.051495,116,1.0000,1.5115,0.0000,0,0.7696,0,2,0.9362,-0.5673,0,0.6956
33,6,266,5,1,21.3689,0.051460,116,1.0000,1.6090,0.0000,0,0.8430,0,2,0.9362,-0.6311,0,0.7049
34,6,271,5,0,21.3928,0.051614,116,1.0000,1.6642,0.0000,0,0.7762,0,2,0.9362,-0.6072,0,0.6969
35,6,273,3,1,21.7445,0.051629,116,1.0000,1.7399,0.0000,0,0.8561,0,2,0.9362,-0.2555,0,0.7130
36,7,283,10,0,21.4277,0.051753,116,1.0000,1.7562,0.0000,0,0.8184,0,2,0.9362,-0.5723,0,0.6995
37,7,293,10,0,21.0860,0.051905,116,1.0000,1.7167,0.0000,0,0.8222,1,3,0.9362,-0.9140,0,0.6919
38,7,298,5,0,21.0296,0.052078,116,1.0000,1.7114,0.0000,1,0.8828,1,4,0.9362,-0.9704,0,0.6996
39,7,302,5,1,21.0666,0.052007,115,1.0000,1.7285,0.0000,0,0.8376,1,4,0.9362,-0.9334,0,0.6950
40,7,311,9,0,20.7843,0.052144,115,1.0000,1.8296,0.0000,0,0.7994,0,4,0.9362,-1.2157,0,0.6846
41,7,319,8,0,20.6308,0.052163,115,1.0000,1.9279,0.0000,0,0.8287,2,4,0.9362,-1.3692,0,0.6857
42,8,327,8,0,20.4881,0.052276,115,1.0000,1.9358,0.0000,0,0.7874,0,4,0.9362,-1.5119,0,0.6785
43,8,335,9,1,20.4884,0.052239,115,1.0000,1.9672,0.0000,0,0.8679,0,4,0.9362,-1.5116,0,0.6879
44,8,339,4,0,20.6108,0.052354,115,1.0000,1.8614,0.0000,0,0.8491,0,4,0.9362,-1.3892,0,0.6904
45,8,348,10,1,20.4384,0.052481,115,1.0000,1.9483,0.0000,0,0.8563,2,5,0.9362,-1.5616,0,0.6877
46,8,350,3,1,20.6747,0.052534,114,1.0000,1.9143,0.0000,0,0.7791,0,5,0.9149,-1.3253,0,0.6847
47,8,355,6,1,20.7109,0.052752,114,1.0000,1.9183,0.0000,1,0.8305,1,5,0.9149,-1.2891,0,0.6925
48,8,363,8,0,20.6199,0.052790,114,1.0000,2.0413,0.0000,3,0.7402,0,5,0.9149,-1.3801,0,0.6798
49,8,375,12,0,20.4232,0.053031,114,1.0000,2.0507,0.0000,0,0.7442,0,5,0.9149,-1.5768,0,0.6751
50,8,383,8,0,20.4618,0.052981,114,1.0000,2.0653,0.0000,0,0.7639,1,5,0.9149,-1.5382,0,0.6781
51,8,390,7,0,20.5516,0.053084,114,1.0000,2.0615,0.0000,0,0.7597,0,5,0.9149,-1.4484,0,0.6793
52,8,399,9,0,20.5361,0.053003,114,1.0000,2.0927,0.0000,1,0.7743,0,5,0.9149,-1.4639,0,0.6804
53,8,408,9,0,20.3635,0.053109,114,1.0000,2.0735,0.0000,0,0.8414,0,5,0.9149,-1.6365,0,0.6864
54,8,415,7,0,20.3342,0.053239,114,1.0000,2.0940,0.0000,0,0.8547,1,5,0.9149,-1.6658,0,0.6886
55,8,418,4,1,20.5985,0.053287,113,1.0000,2.1722,0.0000,0,0.8596,1,5,0.9149,-1.4015,0,0.6952
56,8,432,15,1,20.3307,0.053230,113,1.0000,2.1898,0.0000,2,0.8738,0,5,0.9149,-1.6693,0,0.6902
57,8,442,11,1,20.3350,0.053361,113,1.0000,2.2081,0.0000,1,0.7979,0,5,0.9149,-1.6650,0,0.6801
58,8,448,6,0,20.4276,0.053369,113,1.0000,2.2098,0.0000,0,0.8715,0,5,0.9149,-1.5724,0,0.6923
59,8,452,4,0,20.7911,0.053465,113,1.0000,2.2345,0.1429,1,0.8327,0,5,0.9149,-1.2089,0,0.6947
60,8,466,14,0,20.7240,0.053344,113,1.0000,2.1931,0.2500,0,0.8215,2,5,0.9149,-1.2760,0,0.6899
61,8,479,13,0,20.6944,0.053333,113,1.0000,2.1775,0.3333,1,0.8451,1,5,0.9149,-1.3056,0,0.6908
62,9,492,13,0,20.6593,0.053301,113,1.0000,2.2154,0.4000,1,0.8273,3,6,0.9149,-1.3407,0,0.6869
63,9,505,13,0,20.6714,0.053374,113,1.0000,2.2673,0.4545,0,0.8359,1,6,0.9149,-1.3286,0,0.6873
64,9,515,10,0,20.8353,0.053229,113,1.0000,2.2777,0.5000,3,0.8493,0,6,0.9149,-1.1647,0,0.6920
65,9,535,20,0,20.6038,0.053295,113,1.0000,2.3533,0.5385,1,0.8236,2,7,0.9149,-1.3962,0,0.6824
66,9,549,14,0,20.5869,0.053283,113,1.0000,2.3698,0.5714,0,0.8224,2,7,0.9149,-1.4131,0,0.6817
67,9,557,8,0,20.7919,0.053348,113,1.0000,2.3860,0.6000,0,0.8266,0,7,0.9149,-1.2081,0,0.6873
68,9,576,19,0,20.6004,0.053287,113,1.0000,2.3646,0.6250,1,0.8157,1,7,0.9149,-1.3996,0,0.6818
69,9,590,14,0,20.5862,0.053462,113,1.0000,2.4644,0.6471,0,0.8118,0,7,0.9149,-1.4138,0,0.6817
70,9,600,15,0,20.6280,0.053688,112,1.0000,2.5700,0.6667,1,0.7884,0,7,0.9149,-1.3720,0,0.6794
71,9,600,22,0,20.7843,0.053453,111,1.0000,2.6133,0.6842,2,0.7912,1,7,0.9149,-1.2157,0,0.6831
72,9,600,16,0,21.0420,0.053203,111,1.0000,2.5200,0.7000,0,0.7928,1,7,0.9149,-0.9580,0,0.6895
73,9,600,15,0,21.3188,0.053084,111,1.0000,2.4800,0.7143,1,0.7950,0,7,0.9149,-0.6812,0,0.6980
74,9,600,21,0,21.4983,0.053040,110,1.0000,2.4733,0.7273,0,0.7875,1,7,0.9149,-0.5017,0,0.7003
75,9,600,17,0,21.6754,0.052783,110,1.0000,2.4100,0.7391,2,0.7934,0,7,0.9149,-0.3246,0,0.7045
76,9,600,19,0,21.8400,0.052810,110,1.0000,2.3400,0.7500,1,0.8020,1,7,0.9149,-0.1600,0,0.7102
77,9,600,19,0,21.9687,0.052785,110,1.0000,2.3200,0.7600,0,0.7970,0,7,0.9149,-0.0313,0,0.7124
78,9,600,24,0,21.9915,0.052741,109,1.0000,2.3367,0.7692,0,0.7919,0,7,0.9149,-0.0085,0,0.7133
79,9,600,17,0,22.1588,0.052863,109,1.0000,2.3400,0.7778,1,0.8153,0,7,0.9149,0.1588,0,0.7191
80,9,600,20,0,22.3080,0.052708,109,1.0000,2.3133,0.7857,1,0.8066,1,7,0.9149,0.3080,0,0.7206
81,9,600,26,0,22.3647,0.052643,109,1.0000,2.3533,0.7931,0,0.8117,3,7,0.9149,0.3647,0,0.7227
82,9,600,21,0,22.4492,0.052649,109,1.0000,2.2967,0.8000,0,0.8155,2,7,0.9149,0.4492,0,0.7255
83,9,600,29,0,22.3970,0.052685,108,1.0000,2.2500,0.8065,1,0.8271,1,7,0.8936,0.3970,0,0.7256
84,9,600,21,0,22.5032,0.052748,108,1.0000,2.2033,0.8125,1,0.8106,1,7,0.8936,0.5032,0,0.7228
85,9,600,28,0,22.4443,0.052634,108,1.0000,2.2400,0.8182,1,0.8246,6,7,0.8936,0.4443,0,0.7237
86,9,600,25,0,22.4424,0.052579,108,1.0000,2.2367,0.8235,1,0.8132,2,7,0.8936,0.4424,0,0.7211
87,9,600,30,0,22.3742,0.052572,108,1.0000,2.2533,0.8286,1,0.8034,1,7,0.8936,0.3742,0,0.7207
88,9,600,23,0,22.4604,0.052567,108,1.0000,2.3100,0.8333,0,0.8077,3,7,0.8936,0.4604,0,0.7231
89,9,600,18,0,22.6016,0.052570,108,1.0000,2.2600,0.8378,0,0.8005,2,7,0.8936,0.6016,0,0.7243
90,9,600,24,0,22.6271,0.052446,108,1.0000,2.2033,0.8421,0,0.8108,0,7,0.8936,0.6271,0,0.7262
91,9,600,34,0,22.5313,0.052456,108,1.0000,2.1900,0.8462,1,0.7886,2,7,0.8936,0.5313,0,0.7221
92,9,600,22,0,22.5809,0.052360,107,1.0000,2.2333,0.8500,1,0.7888,0,7,0.8936,0.5809,0,0.7225
93,9,600,27,0,22.5239,0.052288,107,1.0000,2.1800,0.8537,0,0.7870,2,7,0.8936,0.5239,0,0.7199
94,9,600,24,0,22.6089,0.052279,107,1.0000,2.1867,0.8571,1,0.7727,2,7,0.8936,0.6089,0,0.7187
95,9,600,20,0,22.7880,0.052282,107,1.0000,2.1700,0.8605,0,0.7801,0,7,0.8936,0.7880,0,0.7223
96,9,600,24,0,22.8457,0.052169,106,1.0000,2.1767,0.8636,0,0.7774,2,7,0.8936,0.8457,0,0.7221
97,9,600,21,0,22.9865,0.052169,106,1.0000,2.1167,0.8667,1,0.7777,2,7,0.8936,0.9865,0,0.7261
98,9,600,16,0,23.1985,0.052109,106,1.0000,2.1400,0.8696,0,0.7663,1,7,0.8936,1.1985,0,0.7284
99,9,600,28,0,23.1671,0.051980,106,1.0000,2.1367,0.8723,4,0.7726,1,7,0.8936,1.1671,0,0.7270
100,9,600,24,0,23.2088,0.051928,106,1.0000,2.1100,0.8750,2,0.7820,1,7,0.8936,1.2088,0,0.7293
101,9,600,22,0,23.3108,0.051924,106,1.0000,2.1000,0.8776,0,0.7817,0,7,0.8936,1.3108,0,0.7321
102,9,600,24,0,23.3804,0.051760,106,1.0000,2.0833,0.8800,1,0.7721,1,7,0.8936,1.3804,0,0.7309
103,9,600,22,0,23.4957,0.051740,106,1.0000,2.0733,0.8824,0,0.7866,2,8,0.8936,1.4957,0,0.7349
104,9,600,26,0,23.5167,0.051725,106,1.0000,2.0700,0.8846,2,0.7889,2,8,0.8936,1.5167,0,0.7354
105,9,600,19,0,23.6644,0.051760,106,1.0000,2.0333,0.8868,2,0.8056,2,8,0.8936,1.6644,0,0.7391
106,8,600,26,0,23.6813,0.051661,106,1.0000,2.0567,0.8889,0,0.8027,2,8,0.8936,1.6813,0,0.7372
107,8,600,21,0,23.7571,0.051481,105,1.0000,2.0333,0.8909,0,0.7787,0,8,0.8936,1.7571,0,0.7346
108,8,600,25,0,23.8171,0.051575,105,1.0000,2.0900,0.8929,0,0.7709,3,8,0.8936,1.8171,0,0.7342
109,8,600,19,0,23.9607,0.051609,105,1.0000,2.0467,0.8947,0,0.7652,5,8,0.8936,1.9607,0,0.7359
110,8,600,21,0,24.0482,0.051719,105,1.0000,2.0633,0.8966,0,0.7635,4,8,0.8936,2.0482,0,0.7370
111,8,600,23,0,24.0898,0.051841,105,1.0000,1.9733,0.8983,0,0.7786,4,8,0.8936,2.0898,0,0.7397
112,8,600,17,0,24.2701,0.051913,105,1.0000,1.9767,0.9000,0,0.7720,0,8,0.8936,2.2701,0,0.7422
113,8,600,20,0,24.3910,0.051886,105,1.0000,2.0533,0.9016,0,0.7705,2,8,0.8936,2.3910,0,0.7440
114,8,600,11,0,24.6872,0.051844,105,1.0000,2.0833,0.9032,0,0.7607,1,8,0.8936,2.6872,0,0.7470
115,8,600,29,0,24.6973,0.051782,105,1.0000,2.0333,0.9048,0,0.7674,1,8,0.8936,2.6973,0,0.7477
116,8,600,34,0,24.5700,0.051636,105,1.0000,2.0333,0.9062,1,0.7646,1,8,0.8936,2.5700,0,0.7443
117,8,600,27,0,24.5377,0.051527,105,1.0000,2.0667,0.9077,1,0.7510,1,8,0.8936,2.5377,0,0.7406
118,8,600,21,0,24.5685,0.051447,105,1.0000,2.1000,0.9091,0,0.7440,3,8,0.8936,2.5685,0,0.7382
119,8,600,17,0,24.7347,0.051442,105,1.0000,2.0300,0.9104,0,0.7358,1,8,0.8936,2.7347,0,0.7406
120,8,600,24,0,24.7869,0.051376,105,1.0000,1.9733,0.9118,1,0.7136,2,8,0.8936,2.7869,0,0.7387
121,8,600,14,0,24.9851,0.051481,105,1.0000,1.9367,0.9130,1,0.7025,0,8,0.8936,2.9851,0,0.7399
122,8,600,22,0,25.0797,0.051654,105,1.0000,1.9667,0.9143,1,0.7107,1,8,0.8936,3.0797,0,0.7418
123,8,600,22,0,25.1836,0.051680,104,1.0000,2.0267,0.9155,0,0.7494,4,8,0.8936,3.1836,0,0.7474
124,8,600,18,0,25.3623,0.051605,104,1.0000,2.0400,0.9167,0,0.7521,1,8,0.8936,3.3623,0,0.7512
125,8,600,20,0,25.5084,0.051626,104,1.0000,2.0000,0.9178,0,0.7432,3,8,0.8936,3.5084,0,0.7530
126,8,600,33,0,25.3557,0.051710,104,1.0000,2.0167,0.9189,0,0.7479,3,8,0.8936,3.3557,0,0.7504
127,8,600,18,0,25.5453,0.051725,103,1.0000,2.0133,0.9200,1,0.7513,0,8,0.8936,3.5453,0,0.7532
128,8,600,25,0,25.5786,0.051819,103,1.0000,1.9900,0.9211,0,0.7330,4,8,0.8936,3.5786,0,0.7493
129,8,600,27,0,25.5527,0.051759,103,1.0000,2.0700,0.9221,0,0.7409,2,8,0.8936,3.5527,0,0.7495
130,8,600,23,0,25.6313,0.051752,103,1.0000,2.1100,0.9231,2,0.7490,0,8,0.8936,3.6313,0,0.7516
131,8,600,15,0,25.7929,0.051795,103,1.0000,2.0867,0.9241,0,0.7504,1,8,0.8936,3.7929,0,0.7539
132,7,600,21,0,25.8797,0.051970,103,1.0000,2.0900,0.9250,0,0.7489,0,8,0.8936,3.8797,0,0.7547
133,7,600,13,0,26.1599,0.051902,102,1.0000,2.0733,0.9259,1,0.7383,1,8,0.8723,4.1599,0,0.7575
134,7,600,22,0,26.2387,0.052057,100,1.0000,2.0867,0.9268,1,0.7347,0,8,0.8723,4.2387,0,0.7574
135,7,600,18,0,26.3961,0.052092,100,1.0000,2.0600,0.9277,0,0.7466,0,8,0.8723,4.3961,0,0.7616
136,7,600,23,0,26.4618,0.051983,100,1.0000,2.0067,0.9286,0,0.7504,0,8,0.8723,4.4618,0,0.7629
137,7,600,22,0,26.5167,0.052183,99,1.0000,2.0667,0.9294,0,0.7529,1,8,0.8723,4.5167,0,0.7633
138,7,600,14,0,26.7642,0.052192,99,1.0000,2.0600,0.9302,0,0.7316,1,8,0.8723,4.7642,0,0.7643
139,7,600,17,0,26.9638,0.052087,98,1.0000,2.0533,0.9310,0,0.7517,0,8,0.8723,4.9638,0,0.7697
140,7,600,23,0,27.0367,0.052277,97,1.0000,2.0300,0.9318,1,0.7431,4,8,0.8511,5.0367,0,0.7691
141,7,600,20,0,27.1094,0.052233,97,1.0000,2.0733,0.9326,1,0.7436,0,8,0.8511,5.1094,0,0.7700
142,7,600,20,0,27.1731,0.052324,96,1.0000,2.0833,0.9333,1,0.7607,0,8,0.8511,5.1731,0,0.7722
143,7,600,17,0,27.3593,0.052450,95,1.0000,2.0633,0.9341,1,0.7587,0,8,0.8298,5.3593,0,0.7753
144,7,600,17,0,27.5656,0.052522,95,1.0000,2.1133,0.9348,0,0.7539,1,8,0.8298,5.5656,0,0.7777
145,7,600,26,0,27.4949,0.052864,94,1.0000,2.1433,0.9355,0,0.7463,1,8,0.8085,5.4949,0,0.7740
146,7,600,19,0,27.6825,0.052786,92,1.0000,2.1433,0.9362,2,0.7565,1,8,0.7872,5.6825,0,0.7777
147,7,600,21,0,27.7793,0.052732,91,1.0000,2.1533,0.9368,0,0.7654,0,8,0.7872,5.7793,0,0.7808
148,6,600,16,0,27.9834,0.052774,90,1.0000,2.1467,0.9375,0,0.7597,0,8,0.7872,5.9834,0,0.7828
149,6,600,13,0,28.2586,0.053042,90,1.0000,2.1433,0.9381,0,0.7588,0,8,0.7872,6.2586,0,0.7866
150,6,600,13,0,28.5001,0.053135,90,1.0000,2.1200,0.9388,1,0.7680,2,8,0.7872,6.5001,0,0.7908
151,6,600,16,0,28.7072,0.053180,89,1.0000,2.0900,0.9394,1,0.7743,0,8,0.7660,6.7072,0,0.7939
152,6,600,25,0,28.7381,0.053210,88,1.0000,2.1267,0.9400,1,0.7612,2,8,0.7660,6.7381,0,0.7920
153,6,600,16,0,28.9289,0.053450,88,1.0000,2.1167,0.9406,1,0.7645,2,8,0.7660,6.9289,0,0.7946
154,6,600,17,0,29.1621,0.053671,88,1.0000,2.1467,0.9412,1,0.7543,1,8,0.7660,7.1621,0,0.7963
155,6,600,22,0,29.1866,0.053841,88,1.0000,2.1533,0.9417,2,0.7640,1,8,0.7660,7.1866,0,0.7967
156,6,600,25,0,29.0653,0.053987,87,1.0000,2.1733,0.9423,0,0.7742,4,8,0.7660,7.0653,0,0.7962
157,6,600,8,0,29.3896,0.053945,87,1.0000,2.1667,0.9429,0,0.7774,2,8,0.7660,7.3896,0,0.8017
158,6,600,11,0,29.6185,0.054044,87,1.0000,2.1967,0.9434,0,0.7876,1,8,0.7660,7.6185,0,0.8069
159,6,600,17,0,29.7160,0.054086,87,1.0000,2.2467,0.9439,0,0.7909,2,8,0.7660,7.7160,0,0.8090
160,6,600,14,0,29.8916,0.054189,87,1.0000,2.2333,0.9444,1,0.7799,0,8,0.7660,7.8916,0,0.8106
161,6,600,20,0,29.9249,0.054254,86,1.0000,2.2133,0.9450,0,0.7644,2,8,0.7660,7.9249,0,0.8092
162,6,600,9,0,30.1844,0.054293,85,1.0000,2.2133,0.9455,0,0.8009,0,8,0.7551,8.1844,0,0.8183
163,6,600,19,0,30.2238,0.054516,83,1.0000,2.1433,0.9459,1,0.7688,2,8,0.7347,8.2238,0,0.8144
164,6,600,17,0,30.3623,0.054639,82,1.0000,2.1267,0.9464,2,0.7647,1,8,0.7347,8.3623,0,0.8154
165,6,600,17,0,30.4952,0.054687,81,1.0000,2.1033,0.9469,0,0.7663,0,8,0.7347,8.4952,0,0.8179
166,6,600,17,0,30.6633,0.054856,80,1.0000,2.0900,0.9474,1,0.7714,1,8,0.7143,8.6633,0,0.8206
167,6,600,19,0,30.7244,0.054946,80,1.0000,2.1000,0.9478,0,0.7621,2,8,0.7143,8.7244,0,0.8208
168,6,600,12,0,30.9016,0.055105,80,1.0000,2.1367,0.9483,0,0.7722,1,8,0.7143,8.9016,0,0.8239
169,6,600,17,0,30.9433,0.055129,79,1.0000,2.2133,0.9487,0,0.7865,2,8,0.7143,8.9433,0,0.8265
170,6,600,16,0,30.9835,0.055152,79,1.0000,2.2200,0.9492,0,0.7787,1,8,0.7143,8.9835,0,0.8273
171,6,600,10,0,31.2959,0.055251,78,1.0000,2.2200,0.9496,0,0.7847,1,8,0.6939,9.2959,0,0.8325
172,6,600,15,0,31.5001,0.055368,75,1.0000,2.2367,0.9500,0,0.7997,1,8,0.6531,9.5001,0,0.8367
173,6,600,20,0,31.5623,0.055479,73,1.0000,2.2400,0.9504,0,0.8145,4,8,0.6327,9.5623,0,0.8388
174,6,600,21,0,31.5234,0.055475,73,1.0000,2.2100,0.9508,0,0.8104,1,8,0.6327,9.5234,0,0.8391
175,6,600,19,0,31.4823,0.055402,71,1.0000,2.1933,0.9512,0,0.8172,0,8,0.6327,9.4823,0,0.8392
176,6,600,20,0,31.4597,0.055419,71,1.0000,2.2400,0.9516,0,0.7958,0,8,0.6327,9.4597,0,0.8360
177,6,600,20,0,31.4315,0.055495,69,1.0000,2.2700,0.9520,0,0.8059,1,8,0.6327,9.4315,0,0.8370
178,6,600,16,0,31.5495,0.055636,68,1.0000,2.2767,0.9524,0,0.7964,1,8,0.6327,9.5495,0,0.8374
179,6,600,12,0,31.8292,0.055659,66,1.0000,2.2300,0.9528,0,0.8023,1,8,0.5918,9.8292,0,0.8422
180,6,600,16,0,31.9585,0.055667,66,1.0000,2.2567,0.9531,0,0.8010,1,8,0.5918,9.9585,0,0.8447
181,6,600,26,0,31.7343,0.055777,66,1.0000,2.2533,0.9535,0,0.7939,1,8,0.5918,9.7343,0,0.8409
182,6,600,15,0,31.7851,0.055729,66,1.0000,2.2733,0.9538,0,0.8030,1,8,0.5918,9.7851,0,0.8431
183,6,600,16,0,31.8637,0.055742,66,1.0000,2.2567,0.9542,0,0.7919,0,8,0.5918,9.8637,0,0.8434
184,6,600,16,0,31.9489,0.055804,66,1.0000,2.2633,0.9545,0,0.7868,2,8,0.5918,9.9489,0,0.8440
185,6,600,24,0,31.8608,0.055858,66,1.0000,2.2433,0.9549,0,0.7766,1,8,0.5918,9.8608,0,0.8422
186,7,600,16,0,32.0199,0.055968,65,1.0000,2.2500,0.9552,0,0.7761,0,8,0.5714,10.0199,0,0.8440
187,7,600,14,0,32.1602,0.055933,65,1.0000,2.3067,0.9556,0,0.7810,2,8,0.5714,10.1602,0,0.8468
188,7,600,18,0,32.1729,0.055836,65,1.0000,2.2967,0.9559,0,0.7808,2,8,0.5714,10.1729,0,0.8467
189,7,600,10,0,32.4190,0.055912,65,1.0000,2.2433,0.9562,0,0.7814,1,8,0.5714,10.4190,0,0.8497
190,7,600,18,0,32.4218,0.055919,64,1.0000,2.2533,0.9565,0,0.7837,2,8,0.5510,10.4218,0,0.8503
191,7,600,15,0,32.5438,0.055919,64,1.0000,2.2767,0.9568,0,0.7871,0,8,0.5510,10.5438,0,0.8528
192,7,600,25,0,32.4056,0.056092,64,1.0000,2.3067,0.9571,0,0.7788,1,8,0.5510,10.4056,0,0.8494
193,7,600,15,0,32.4870,0.056042,64,1.0000,2.3233,0.9574,0,0.7903,0,8,0.5510,10.4870,0,0.8521
194,7,600,16,0,32.5595,0.056029,64,1.0000,2.3000,0.9577,0,0.7944,3,8,0.5510,10.5595,0,0.8533
195,7,600,14,0,32.6626,0.056066,64,1.0000,2.3000,0.9580,0,0.7893,1,8,0.5510,10.6626,0,0.8541
196,7,600,17,0,32.7073,0.056090,63,1.0000,2.3067,0.9583,0,0.8131,1,8,0.5510,10.7073,0,0.8575
197,7,600,20,0,32.6040,0.056098,62,1.0000,2.3133,0.9586,0,0.8075,0,8,0.5510,10.6040,0,0.8549
198,7,600,16,0,32.6605,0.056172,62,1.0000,2.3567,0.9589,0,0.8113,1,8,0.5510,10.6605,0,0.8559
199,7,600,12,0,32.9037,0.056170,62,1.0000,2.3100,0.9592,0,0.8051,0,8,0.5510,10.9037,0,0.8583
200,7,600,15,0,33.0633,0.056257,61,1.0000,2.2700,0.9595,0,0.8116,1,8,0.5306,11.0633,0,0.8611
201,7,600,21,0,33.0798,0.056323,61,1.0000,2.2633,0.9597,0,0.8159,4,8,0.5306,11.0798,0,0.8617
202,7,600,23,0,32.9902,0.056331,61,1.0000,2.2967,0.9600,0,0.8015,2,8,0.5306,10.9902,0,0.8583
203,7,600,16,0,33.0423,0.056331,61,1.0000,2.3133,0.9603,0,0.7993,1,8,0.5306,11.0423,0,0.8596
204,7,600,17,0,33.0770,0.056344,61,1.0000,2.3300,0.9605,0,0.8104,2,8,0.5306,11.0770,0,0.8618
205,7,600,14,0,33.2290,0.056366,61,1.0000,2.3267,0.9608,0,0.8287,0,8,0.5306,11.2290,0,0.8663
206,7,600,17,0,33.3522,0.056328,61,1.0000,2.2900,0.9610,0,0.8212,2,8,0.5306,11.3522,0,0.8672
207,7,600,19,0,33.3666,0.056366,61,1.0000,2.2667,0.9613,0,0.8130,2,8,0.5306,11.3666,0,0.8666
208,7,600,24,0,33.2200,0.056438,61,1.0000,2.2833,0.9615,0,0.8063,0,8,0.5306,11.2200,0,0.8636
209,7,600,26,0,32.9674,0.056335,60,1.0000,2.2900,0.9618,0,0.8203,0,8,0.5306,10.9674,0,0.8611
210,7,600,16,0,33.0452,0.056382,59,1.0000,2.3033,0.9620,0,0.8341,1,8,0.5306,11.0452,0,0.8641
211,7,600,16,0,33.1992,0.056384,58,1.0000,2.3233,0.9623,0,0.7969,1,8,0.5102,11.1992,0,0.8611
212,7,600,20,0,33.2240,0.056390,57,1.0000,2.3667,0.9625,0,0.7895,1,8,0.4898,11.2240,0,0.8602
213,8,600,31,0,32.8477,0.056399,57,1.0000,2.3967,0.9627,0,0.7952,2,8,0.4898,10.8477,0,0.8556
214,8,600,19,0,32.8115,0.056306,56,1.0000,2.4033,0.9630,0,0.7820,0,8,0.4694,10.8115,0,0.8535
215,8,600,17,0,32.8411,0.056306,56,1.0000,2.3700,0.9632,0,0.7686,2,8,0.4694,10.8411,0,0.8530
216,8,600,17,0,32.8965,0.056306,56,1.0000,2.3400,0.9634,0,0.7506,0,8,0.4694,10.8965,0,0.8523
217,8,600,17,0,32.9625,0.056351,56,1.0000,2.3200,0.9636,0,0.7564,1,8,0.4694,10.9625,0,0.8542
218,8,600,18,0,32.9764,0.056351,56,1.0000,2.3067,0.9639,0,0.7654,2,8,0.4694,10.9764,0,0.8561
219,8,600,15,0,33.1078,0.056351,56,1.0000,2.2900,0.9641,0,0.7702,0,8,0.4694,11.1078,0,0.8589
220,8,600,16,0,33.1513,0.056388,56,1.0000,2.2800,0.9643,0,0.7667,1,8,0.4694,11.1513,0,0.8591
221,8,600,25,0,32.8862,0.056416,56,1.0000,2.2467,0.9645,0,0.7537,2,8,0.4694,10.8862,0,0.8542
222,8,600,16,0,32.9683,0.056424,55,1.0000,2.2567,0.9647,0,0.7635,4,8,0.4490,10.9683,0,0.8563
223,8,600,16,0,33.0896,0.056483,54,1.0000,2.3000,0.9649,0,0.7589,0,8,0.4490,11.0896,0,0.8570
224,8,600,23,0,32.9912,0.056478,54,1.0000,2.3167,0.9651,0,0.7666,1,8,0.4490,10.9912,0,0.8562
225,8,600,15,0,33.0944,0.056518,54,1.0000,2.3667,0.9653,0,0.7546,0,8,0.4490,11.0944,0,0.8559
226,8,600,17,0,33.1253,0.056535,54,1.0000,2.3833,0.9655,0,0.7660,2,8,0.4490,11.1253,0,0.8577
227,8,600,19,0,33.1204,0.056530,54,1.0000,2.3967,0.9657,0,0.7526,2,8,0.4490,11.1204,0,0.8555
228,8,600,17,0,33.1884,0.056559,54,1.0000,2.3600,0.9659,0,0.7768,0,8,0.4490,11.1884,0,0.8595
229,8,600,21,0,33.1334,0.056585,52,1.0000,2.3633,0.9661,0,0.7543,1,8,0.4286,11.1334,0,0.8556
230,8,600,10,0,33.4004,0.056585,52,1.0000,2.3867,0.9663,0,0.7575,0,8,0.4286,11.4004,0,0.8597
231,8,600,17,0,33.4508,0.056585,52,1.0000,2.3733,0.9665,0,0.7417,1,8,0.4286,11.4508,0,0.8589
232,8,600,20,0,33.3927,0.056627,52,1.0000,2.4300,0.9667,0,0.7661,0,8,0.4286,11.3927,0,0.8609
233,8,600,18,0,33.4247,0.056622,52,1.0000,2.4000,0.9669,0,0.7779,2,8,0.4286,11.4247,0,0.8632
234,8,600,26,0,33.2491,0.056661,52,1.0000,2.4167,0.9670,0,0.7697,2,8,0.4286,11.2491,0,0.8595
235,8,600,11,0,33.5408,0.056661,52,1.0000,2.4133,0.9672,0,0.7730,2,8,0.4286,11.5408,0,0.8641
236,8,600,19,0,33.5608,0.056690,52,1.0000,2.3833,0.9674,0,0.7754,0,8,0.4286,11.5608,0,0.8647
237,8,600,21,0,33.4773,0.056774,52,1.0000,2.3600,0.9676,0,0.7747,1,8,0.4286,11.4773,0,0.8632
238,8,600,18,0,33.5001,0.056751,52,1.0000,2.4167,0.9677,0,0.7841,1,8,0.4286,11.5001,0,0.8642
239,8,600,14,0,33.7025,0.056751,52,1.0000,2.4433,0.9679,0,0.7854,0,8,0.4286,11.7025,0,0.8674
240,8,600,19,0,33.7400,0.056762,52,1.0000,2.4200,0.9681,0,0.7852,0,8,0.4286,11.7400,0,0.8675
241,8,600,24,0,33.5942,0.056798,52,1.0000,2.4167,0.9683,0,0.7920,4,8,0.4286,11.5942,0,0.8662
242,8,600,15,0,33.7209,0.056798,52,1.0000,2.4100,0.9684,0,0.7894,0,8,0.4286,11.7209,0,0.8680
243,8,600,18,0,33.7572,0.056874,52,1.0000,2.4233,0.9686,0,0.7880,1,8,0.4286,11.7572,0,0.8679
244,8,600,22,0,33.6205,0.056904,52,1.0000,2.4100,0.9688,0,0.7894,3,8,0.4286,11.6205,0,0.8664
245,8,600,15,0,33.7086,0.056923,52,1.0000,2.4367,0.9689,0,0.7859,0,8,0.4286,11.7086,0,0.8672
246,8,600,19,0,33.7059,0.056923,52,1.0000,2.4100,0.9691,0,0.7879,0,8,0.4286,11.7059,0,0.8679
247,8,600,18,0,33.7021,0.056932,52,1.0000,2.4433,0.9692,0,0.7806,3,8,0.4286,11.7021,0,0.8670
248,8,600,21,0,33.6256,0.056932,52,1.0000,2.4333,0.9694,0,0.7805,3,8,0.4286,11.6256,0,0.8665
249,8,600,14,0,33.8018,0.056951,52,1.0000,2.4467,0.9695,0,0.8185,0,8,0.4286,11.8018,0,0.8734
250,8,600,14,0,33.9817,0.056951,52,1.0000,2.4567,0.9697,0,0.8312,2,8,0.4286,11.9817,0,0.8776
251,8,600,22,0,33.8891,0.056951,52,1.0000,2.4800,0.9698,0,0.7915,3,8,0.4286,11.8891,0,0.8718
252,8,600,22,0,33.7961,0.056955,52,1.0000,2.4800,0.9700,0,0.7896,0,8,0.4286,11.7961,0,0.8703
253,8,600,17,0,33.8990,0.056955,52,1.0000,2.4367,0.9701,0,0.8105,0,8,0.4286,11.8990,0,0.8744
254,8,600,27,0,33.6302,0.057025,52,1.0000,2.4600,0.9703,0,0.8136,1,8,0.4286,11.6302,0,0.8707
255,8,600,24,0,33.4245,0.056990,51,1.0000,2.4567,0.9704,0,0.8139,0,8,0.4082,11.4245,0,0.8680
256,8,600,15,0,33.5796,0.057020,50,1.0000,2.4700,0.9706,0,0.8125,0,8,0.4082,11.5796,0,0.8696
257,8,600,16,0,33.6980,0.057020,50,1.0000,2.4600,0.9707,0,0.8007,1,8,0.4082,11.6980,0,0.8700
258,8,600,26,0,33.5172,0.057035,49,1.0000,2.4733,0.9709,0,0.7603,3,8,0.4082,11.5172,0,0.8625
259,8,600,25,0,33.3787,0.057016,49,1.0000,2.5267,0.9710,0,0.7644,4,8,0.4082,11.3787,0,0.8612
260,8,600,12,0,33.6298,0.057020,49,1.0000,2.4867,0.9712,0,0.7742,1,8,0.4082,11.6298,0,0.8655
261,8,600,15,0,33.7352,0.057020,49,1.0000,2.4600,0.9713,0,0.7763,2,8,0.4082,11.7352,0,0.8674
262,8,600,17,0,33.7614,0.057052,48,1.0000,2.4300,0.9714,0,0.8412,0,8,0.3878,11.7614,0,0.8758
263,9,600,20,0,33.6634,0.057026,48,1.0000,2.4667,0.9716,0,0.8396,3,8,0.3878,11.6634,0,0.8734
264,9,600,25,0,33.5153,0.057026,48,1.0000,2.4533,0.9717,0,0.8026,0,8,0.3878,11.5153,0,0.8674
265,9,600,22,0,33.4997,0.057026,48,1.0000,2.4367,0.9718,0,0.7818,2,8,0.3878,11.4997,0,0.8650
266,9,600,19,0,33.5340,0.057026,48,1.0000,2.4700,0.9720,0,0.7612,0,8,0.3878,11.5340,0,0.8632
267,9,600,20,0,33.4739,0.057089,48,1.0000,2.5100,0.9721,0,0.7660,3,8,0.3878,11.4739,0,0.8629
268,9,600,18,0,33.4652,0.057089,48,1.0000,2.5267,0.9722,0,0.7634,2,8,0.3878,11.4652,0,0.8628
269,9,600,20,0,33.3828,0.057101,48,1.0000,2.5633,0.9724,0,0.7522,1,8,0.3878,11.3828,0,0.8602
270,9,600,10,0,33.6821,0.057101,48,1.0000,2.5433,0.9725,0,0.7445,2,8,0.3878,11.6821,0,0.8629
271,9,600,13,0,33.8793,0.057164,48,1.0000,2.5767,0.9726,0,0.7504,3,8,0.3878,11.8793,0,0.8660
272,9,600,15,0,33.9780,0.057164,48,1.0000,2.5767,0.9727,0,0.7927,1,8,0.3878,11.9780,0,0.8727
273,9,600,10,0,34.2197,0.057147,48,1.0000,2.5633,0.9729,0,0.7605,1,8,0.3878,12.2197,0,0.8715
274,9,600,24,0,34.0375,0.057107,48,1.0000,2.5833,0.9730,0,0.7616,3,8,0.3878,12.0375,0,0.8692
275,9,600,18,0,34.0808,0.057116,48,1.0000,2.5833,0.9731,0,0.7449,0,8,0.3878,12.0808,0,0.8676
276,9,600,14,0,34.2269,0.057116,48,1.0000,2.5500,0.9732,0,0.7326,0,8,0.3878,12.2269,0,0.8682
277,9,600,16,0,34.3064,0.057116,48,1.0000,2.5933,0.9733,0,0.7418,1,8,0.3878,12.3064,0,0.8706
278,9,600,20,0,34.3023,0.057159,48,1.0000,2.6467,0.9735,0,0.7543,1,8,0.3878,12.3023,0,0.8720
279,9,600,20,0,34.3144,0.057159,48,1.0000,2.6533,0.9736,0,0.7403,1,8,0.3878,12.3144,0,0.8706
280,9,600,24,0,34.1218,0.057148,48,1.0000,2.6300,0.9737,0,0.7340,5,8,0.3878,12.1218,0,0.8672
281,9,600,23,0,33.9702,0.057148,48,1.0000,2.6433,0.9738,0,0.7456,2,8,0.3878,11.9702,0,0.8671
282,9,600,23,0,33.8324,0.057103,47,1.0000,2.6600,0.9739,0,0.7408,0,8,0.3673,11.8324,0,0.8637
283,9,600,16,0,33.9224,0.057103,47,1.0000,2.6067,0.9740,0,0.7402,0,8,0.3673,11.9224,0,0.8651
284,9,600,19,0,33.9308,0.057071,47,1.0000,2.6300,0.9741,0,0.7321,5,8,0.3673,11.9308,0,0.8640
285,9,600,21,0,33.8799,0.057071,47,1.0000,2.6067,0.9742,0,0.7384,3,8,0.3673,11.8799,0,0.8644
286,9,600,16,0,33.9730,0.057036,47,1.0000,2.5800,0.9744,0,0.7475,1,8,0.3673,11.9730,0,0.8662
287,9,600,15,0,34.0974,0.057048,46,1.0000,2.6033,0.9745,0,0.7467,2,8,0.3469,12.0974,0,0.8672
288,9,600,18,0,34.1334,0.057027,46,1.0000,2.6367,0.9746,0,0.7502,2,8,0.3469,12.1334,0,0.8682
289,9,600,18,0,34.1844,0.057027,46,1.0000,2.6600,0.9747,0,0.7434,1,8,0.3469,12.1844,0,0.8684
290,9,600,20,0,34.1785,0.057027,46,1.0000,2.5967,0.9748,0,0.7398,2,8,0.3469,12.1785,0,0.8684
291,9,600,16,0,34.2947,0.057054,46,1.0000,2.5867,0.9749,0,0.7369,0,8,0.3469,12.2947,0,0.8693
292,9,600,22,0,34.1699,0.057080,46,1.0000,2.5900,0.9750,0,0.7423,0,8,0.3469,12.1699,0,0.8684
293,9,600,15,0,34.3260,0.057080,46,1.0000,2.5933,0.9751,0,0.7514,0,8,0.3469,12.3260,0,0.8719
294,9,600,21,0,34.2577,0.057080,46,1.0000,2.6100,0.9752,0,0.7541,3,8,0.3469,12.2577,0,0.8717
295,9,600,16,0,34.2949,0.057080,46,1.0000,2.6167,0.9753,0,0.7560,1,8,0.3469,12.2949,0,0.8727
296,9,600,26,0,34.0156,0.057111,45,1.0000,2.6633,0.9754,0,0.7543,2,8,0.3469,12.0156,0,0.8687
297,9,600,21,0,33.9272,0.057111,45,1.0000,2.6700,0.9755,0,0.7492,2,8,0.3469,11.9272,0,0.8671
298,9,600,18,0,33.9447,0.057141,45,1.0000,2.6200,0.9756,0,0.7480,1,8,0.3469,11.9447,0,0.8669
299,9,600,20,0,33.9431,0.057141,45,1.0000,2.6333,0.9757,0,0.7484,0,8,0.3469,11.9431,0,0.8672
300,9,600,14,0,34.1045,0.057141,45,1.0000,2.6100,0.9758,0,0.7505,2,8,0.3469,12.1045,0,0.8696
301,9,600,22,0,34.0025,0.057149,45,1.0000,2.6233,0.9759,0,0.8179,0,8,0.3469,12.0025,0,0.8764
302,9,600,23,0,33.8602,0.057168,45,1.0000,2.6467,0.9760,0,0.7936,1,8,0.3469,11.8602,0,0.8709
303,9,600,18,0,33.9446,0.057168,45,1.0000,2.6567,0.9761,0,0.7647,2,8,0.3469,11.9446,0,0.8686
304,9,600,25,0,33.7501,0.057139,45,1.0000,2.6467,0.9762,0,0.7402,2,8,0.3600,11.7501,0,0.8630
305,9,600,16,0,33.8646,0.057109,45,1.0000,2.6433,0.9763,0,0.7456,1,8,0.3600,11.8646,0,0.8649
306,9,600,16,0,33.9917,0.057098,45,1.0000,2.6700,0.9764,0,0.7730,1,8,0.3600,11.9917,0,0.8702
307,9,600,20,0,33.9690,0.057079,45,1.0000,2.6900,0.9765,0,0.7790,4,8,0.3600,11.9690,0,0.8705
308,9,600,17,0,34.0027,0.057080,45,1.0000,2.6233,0.9766,0,0.7643,0,8,0.3600,12.0027,0,0.8690
309,9,600,13,0,34.1371,0.057080,45,1.0000,2.5733,0.9767,0,0.7760,3,8,0.3600,12.1371,0,0.8725
310,9,600,17,0,34.1632,0.057093,45,1.0000,2.6433,0.9767,0,0.7800,1,8,0.3600,12.1632,0,0.8728
311,9,600,17,0,34.2062,0.057093,45,1.0000,2.6367,0.9768,0,0.7562,0,8,0.3600,12.2062,0,0.8707
312,9,600,19,0,34.1759,0.057064,45,1.0000,2.6100,0.9769,0,0.7469,2,8,0.3600,12.1759,0,0.8691
313,9,600,20,0,34.0978,0.057026,44,1.0000,2.5967,0.9770,0,0.7378,2,8,0.3400,12.0978,0,0.8668
314,9,600,23,0,33.9718,0.056993,44,1.0000,2.5900,0.9771,0,0.7486,1,8,0.3400,11.9718,0,0.8666
315,9,600,12,0,34.2266,0.056993,44,1.0000,2.6267,0.9772,0,0.7406,1,8,0.3400,12.2266,0,0.8691
316,9,600,16,0,34.3474,0.056993,44,1.0000,2.6100,0.9773,0,0.7645,3,8,0.3400,12.3474,0,0.8739
317,9,600,20,0,34.3035,0.056993,44,1.0000,2.6200,0.9774,0,0.7811,3,8,0.3400,12.3035,0,0.8757
318,9,600,20,0,34.2552,0.056993,44,1.0000,2.6333,0.9774,0,0.7673,1,8,0.3400,12.2552,0,0.8736
319,9,600,18,0,34.2492,0.056993,44,1.0000,2.6800,0.9775,0,0.7768,2,9,0.3400,12.2492,0,0.8749
320,9,600,14,0,34.4066,0.056993,44,1.0000,2.6933,0.9776,0,0.7721,0,9,0.3400,12.4066,0,0.8764
321,9,600,13,0,34.5961,0.057042,44,1.0000,2.6667,0.9777,0,0.7574,2,9,0.3400,12.5961,0,0.8762
322,9,600,17,0,34.6978,0.057050,44,1.0000,2.6767,0.9778,0,0.7597,1,9,0.3400,12.6978,0,0.8775
323,9,600,25,0,34.5138,0.057064,44,1.0000,2.6633,0.9779,0,0.7611,1,9,0.3400,12.5138,0,0.8751
324,9,600,17,0,34.5297,0.057064,44,1.0000,2.6833,0.9779,0,0.7609,2,9,0.3400,12.5297,0,0.8755
325,9,600,19,0,34.5067,0.057056,44,1.0000,2.6767,0.9780,0,0.7603,4,9,0.3400,12.5067,0,0.8750
326,9,600,27,0,34.2299,0.057058,44,1.0000,2.6667,0.9781,0,0.7715,1,9,0.3400,12.2299,0,0.8727
327,9,600,13,0,34.4586,0.057058,44,1.0000,2.6833,0.9782,0,0.7536,0,9,0.3400,12.4586,0,0.8736
328,9,600,24,0,34.3244,0.057075,44,1.0000,2.6733,0.9783,0,0.7816,1,9,0.3400,12.3244,0,0.8753
329,9,600,12,0,34.5522,0.057075,44,1.0000,2.6367,0.9783,0,0.7942,0,9,0.3400,12.5522,0,0.8801
330,9,600,19,0,34.5592,0.057042,44,1.0000,2.6967,0.9784,0,0.7626,1,9,0.3400,12.5592,0,0.8761
331,9,600,18,0,34.5930,0.057042,44,1.0000,2.6867,0.9785,0,0.7615,3,9,0.3400,12.5930,0,0.8767
332,9,600,24,0,34.3983,0.057042,44,1.0000,2.6833,0.9786,0,0.7805,2,9,0.3400,12.3983,0,0.8768
333,9,600,14,0,34.5406,0.057042,44,1.0000,2.6733,0.9786,0,0.7815,3,9,0.3400,12.5406,0,0.8789
334,9,600,25,0,34.3273,0.057078,44,1.0000,2.7233,0.9787,0,0.7709,1,9,0.3400,12.3273,0,0.8743
335,9,600,14,0,34.5165,0.057078,44,1.0000,2.7067,0.9788,0,0.7757,0,9,0.3400,12.5165,0,0.8775
336,9,600,20,0,34.5254,0.057078,44,1.0000,2.6567,0.9789,0,0.7847,2,9,0.3400,12.5254,0,0.8789
337,9,600,22,0,34.4217,0.057102,44,1.0000,2.6733,0.9789,0,0.7828,1,9,0.3400,12.4217,0,0.8771
338,9,600,23,0,34.2805,0.057129,44,1.0000,2.6733,0.9790,0,0.7894,2,9,0.3400,12.2805,0,0.8756
339,9,600,17,0,34.3257,0.057095,44,1.0000,2.7267,0.9791,0,0.7726,3,9,0.3400,12.3257,0,0.8739
340,9,600,19,0,34.2924,0.057062,44,1.0000,2.7167,0.9792,0,0.7657,2,9,0.3400,12.2924,0,0.8725
341,9,600,12,0,34.4835,0.057054,44,1.0000,2.7033,0.9792,0,0.7577,0,9,0.3400,12.4835,0,0.8738
342,9,600,15,0,34.5898,0.057099,44,1.0000,2.7000,0.9793,0,0.7773,0,9,0.3400,12.5898,0,0.8776
343,9,600,21,0,34.5273,0.057099,44,1.0000,2.7200,0.9794,0,0.7770,0,9,0.3400,12.5273,0,0.8772
344,9,600,18,0,34.5208,0.057057,43,1.0000,2.7300,0.9795,0,0.7564,1,9,0.3400,12.5208,0,0.8745
345,9,600,25,0,34.3191,0.057066,43,1.0000,2.7400,0.9795,0,0.7540,3,9,0.3400,12.3191,0,0.8716
346,9,600,18,0,34.3529,0.057090,43,1.0000,2.7867,0.9796,0,0.7560,2,9,0.3400,12.3529,0,0.8723
347,9,600,14,0,34.4939,0.057080,43,1.0000,2.7700,0.9797,0,0.7610,1,9,0.3400,12.4939,0,0.8746
348,9,600,12,0,34.7049,0.057056,43,1.0000,2.7800,0.9797,0,0.7595,0,9,0.3400,12.7049,0,0.8769
349,9,600,17,0,34.8023,0.057118,42,1.0000,2.7967,0.9798,0,0.7440,1,9,0.3200,12.8023,0,0.8761
350,9,600,16,0,34.9256,0.057118,42,1.0000,2.7967,0.9799,0,0.7432,0,9,0.3200,12.9256,0,0.8779
351,9,600,21,0,34.8578,0.057118,42,1.0000,2.7967,0.9799,0,0.7444,1,9,0.3200,12.8578,0,0.8775
352,9,600,14,0,34.9770,0.057094,42,1.0000,2.7933,0.9800,0,0.7508,1,9,0.3200,12.9770,0,0.8797
353,9,600,24,0,34.7954,0.057094,42,1.0000,2.8367,0.9801,0,0.7701,1,9,0.3200,12.7954,0,0.8802
354,9,600,20,0,34.8021,0.057104,42,1.0000,2.8467,0.9801,0,0.7661,1,9,0.3200,12.8021,0,0.8796
355,9,600,17,0,34.8992,0.057104,42,1.0000,2.8400,0.9802,0,0.7717,0,9,0.3200,12.8992,0,0.8819
356,9,600,15,0,35.0435,0.057104,42,1.0000,2.8600,0.9803,0,0.7700,1,9,0.3200,13.0435,0,0.8837
357,9,600,23,0,34.9477,0.057106,42,1.0000,2.8600,0.9803,0,0.7788,1,9,0.3333,12.9477,0,0.8834
358,9,600,21,0,34.8574,0.057106,42,1.0000,2.8400,0.9804,0,0.7849,1,9,0.3333,12.8574,0,0.8831
359,9,600,10,0,35.1409,0.057136,42,1.0000,2.8633,0.9805,0,0.7794,2,9,0.3333,13.1409,0,0.8853
360,9,600,20,0,35.1000,0.057136,42,1.0000,2.8533,0.9805,0,0.7773,3,9,0.3333,13.1000,0,0.8848
361,9,600,22,0,35.0036,0.057147,42,1.0000,2.8467,0.9806,0,0.7710,1,9,0.3333,13.0036,0,0.8826
362,9,600,22,0,34.8903,0.057181,42,1.0000,2.8933,0.9806,0,0.7658,1,9,0.3333,12.8903,0,0.8803
363,9,600,25,0,34.7065,0.057181,42,1.0000,2.9067,0.9807,0,0.7590,1,9,0.3333,12.7065,0,0.8775
364,9,600,14,0,34.9187,0.057181,42,1.0000,2.9267,0.9808,0,0.7693,0,9,0.3333,12.9187,0,0.8817
365,9,600,13,0,35.1406,0.057172,42,1.0000,2.9467,0.9808,0,0.7631,1,9,0.3333,13.1406,0,0.8835
366,9,600,18,0,35.1303,0.057141,42,1.0000,2.9300,0.9809,0,0.7647,1,9,0.3333,13.1303,0,0.8834
367,9,600,12,0,35.3208,0.057127,42,1.0000,2.9333,0.9810,0,0.7530,3,9,0.3333,13.3208,0,0.8842
368,9,600,17,0,35.4046,0.057127,42,1.0000,2.9300,0.9810,0,0.7553,2,9,0.3333,13.4046,0,0.8858
369,9,600,19,0,35.4136,0.057127,42,1.0000,2.9200,0.9811,0,0.7602,1,9,0.3333,13.4136,0,0.8868
370,9,600,21,0,35.3527,0.057127,42,1.0000,2.8833,0.9811,0,0.7538,1,9,0.3333,13.3527,0,0.8855
371,9,600,20,0,35.2803,0.057148,42,1.0000,2.9000,0.9812,0,0.7425,2,9,0.3333,13.2803,0,0.8825
372,9,600,16,0,35.3401,0.057148,42,1.0000,2.9033,0.9812,0,0.7515,0,9,0.3333,13.3401,0,0.8847
373,9,600,26,0,35.1225,0.057148,42,1.0000,2.9133,0.9813,0,0.7413,3,9,0.3333,13.1225,0,0.8809
374,9,600,21,0,35.0764,0.057115,42,1.0000,2.9400,0.9814,0,0.7436,0,9,0.3333,13.0764,0,0.8804
375,9,600,12,0,35.2900,0.057115,42,1.0000,2.9300,0.9814,0,0.7419,0,9,0.3333,13.2900,0,0.8831
376,9,600,18,0,35.3374,0.057115,42,1.0000,2.9267,0.9815,0,0.7394,2,9,0.3333,13.3374,0,0.8835
377,9,600,19,0,35.3366,0.057115,42,1.0000,2.9267,0.9815,0,0.7621,0,9,0.3333,13.3366,0,0.8865
378,9,600,27,0,35.0573,0.057140,42,1.0000,2.9500,0.9816,0,0.7603,6,9,0.3333,13.0573,0,0.8821
379,9,600,18,0,35.0981,0.057152,42,1.0000,2.9467,0.9817,0,0.7620,1,9,0.3333,13.0981,0,0.8827
380,9,600,25,0,34.9044,0.057152,42,1.0000,2.9567,0.9817,0,0.7746,1,9,0.3333,12.9044,0,0.8820
381,9,600,16,0,34.9953,0.057152,42,1.0000,2.9400,0.9818,0,0.7670,2,9,0.3333,12.9953,0,0.8824
382,9,600,14,0,35.1455,0.057152,42,1.0000,2.8967,0.9818,0,0.7617,2,9,0.3333,13.1455,0,0.8839
383,9,600,23,0,35.0034,0.057152,42,1.0000,2.9233,0.9819,0,0.7579,3,9,0.3333,13.0034,0,0.8818
384,9,600,17,0,35.0481,0.057146,42,1.0000,2.9667,0.9819,0,0.7547,0,9,0.3333,13.0481,0,0.8817
385,9,600,19,0,35.0135,0.057229,42,1.0000,2.9967,0.9820,0,0.7593,2,9,0.3333,13.0135,0,0.8812
386,9,600,14,0,35.2208,0.057229,42,1.0000,2.9867,0.9820,0,0.7824,1,9,0.3333,13.2208,0,0.8870
387,9,600,13,0,35.4229,0.057257,42,1.0000,2.9600,0.9821,0,0.7755,2,9,0.3333,13.4229,0,0.8880
388,9,600,20,0,35.3662,0.057257,42,1.0000,2.9567,0.9821,0,0.7599,1,9,0.3333,13.3662,0,0.8856
389,9,600,12,0,35.5824,0.057257,42,1.0000,2.9333,0.9822,0,0.7641,1,9,0.3333,13.5824,0,0.8891
390,9,600,17,0,35.6212,0.057257,42,1.0000,2.9567,0.9822,0,0.7588,0,9,0.3333,13.6212,0,0.8892
391,9,600,24,0,35.4655,0.057277,41,1.0000,2.9500,0.9823,0,0.7574,5,9,0.3137,13.4655,0,0.8869
392,9,600,19,0,35.4884,0.057239,41,1.0000,2.9767,0.9824,0,0.7482,0,9,0.3137,13.4884,0,0.8859
393,9,600,16,0,35.6437,0.057239,41,1.0000,2.9700,0.9824,0,0.7483,0,9,0.3137,13.6437,0,0.8882
394,9,600,13,0,35.8528,0.057239,41,1.0000,2.9733,0.9825,0,0.7366,2,9,0.3137,13.8528,0,0.8896
395,9,600,22,0,35.7475,0.057215,40,1.0000,2.9533,0.9825,0,0.7266,1,9,0.3137,13.7475,0,0.8868
396,9,600,17,0,35.7604,0.057215,40,1.0000,2.9300,0.9826,0,0.7311,1,9,0.3137,13.7604,0,0.8876
397,9,600,17,0,35.7680,0.057224,40,1.0000,2.9667,0.9826,0,0.7354,0,9,0.3137,13.7680,0,0.8880
398,9,600,18,0,35.7810,0.057215,40,1.0000,2.9767,0.9827,0,0.7419,2,9,0.3137,13.7810,0,0.8883
399,9,600,12,0,36.0368,0.057229,40,1.0000,2.9700,0.9827,0,0.7354,1,9,0.3137,14.0368,0,0.8906
400,9,600,19,0,36.0696,0.057222,40,1.0000,3.0100,0.9828,0,0.7832,2,9,0.3137,14.0696,0,0.8965
401,9,600,15,0,36.2217,0.057222,40,1.0000,3.0033,0.9828,0,0.7829,1,9,0.3137,14.2217,0,0.8987
402,9,600,13,0,36.4262,0.057219,40,1.0000,3.0067,0.9829,0,0.7918,2,9,0.3137,14.4262,0,0.9022
403,9,600,22,0,36.3458,0.057219,40,1.0000,2.9900,0.9829,0,0.7944,1,9,0.3137,14.3458,0,0.9020
404,9,600,24,0,36.1896,0.057232,40,1.0000,3.0000,0.9830,0,0.7772,1,9,0.3137,14.1896,0,0.8978
405,9,600,20,0,36.1616,0.057277,39,1.0000,3.0200,0.9830,0,0.7685,0,9,0.3137,14.1616,0,0.8964
406,9,600,16,0,36.2424,0.057264,38,1.0000,3.0267,0.9831,0,0.7678,1,9,0.3137,14.2424,0,0.8969
407,9,600,11,0,36.4675,0.057264,38,1.0000,3.0633,0.9831,0,0.7736,0,9,0.3137,14.4675,0,0.9008
408,9,600,18,0,36.4828,0.057274,38,1.0000,3.0600,0.9831,0,0.7647,0,9,0.3137,14.4828,0,0.8998
409,9,600,23,0,36.3122,0.057274,38,1.0000,3.0433,0.9832,0,0.7642,2,9,0.3137,14.3122,0,0.8978
410,9,600,17,0,36.3365,0.057274,38,1.0000,3.0100,0.9832,0,0.7661,0,9,0.3137,14.3365,0,0.8987
411,9,600,17,0,36.4174,0.057274,38,1.0000,3.0067,0.9833,0,0.7617,1,9,0.3137,14.4174,0,0.8994
412,9,600,19,0,36.4290,0.057284,38,1.0000,3.0467,0.9833,0,0.7540,2,9,0.3137,14.4290,0,0.8985
413,9,600,27,0,36.2126,0.057284,38,1.0000,3.0733,0.9834,0,0.7480,0,9,0.3137,14.2126,0,0.8953
414,9,600,21,0,36.1167,0.057305,38,1.0000,3.1033,0.9834,0,0.7535,1,9,0.3137,14.1167,0,0.8942
415,9,600,23,0,35.9437,0.057315,38,1.0000,3.1133,0.9835,0,0.7544,0,9,0.3137,13.9437,0,0.8920
416,9,600,20,0,35.8851,0.057315,38,1.0000,3.1133,0.9835,0,0.7568,1,9,0.3137,13.8851,0,0.8919
417,9,600,19,0,35.9170,0.057315,38,1.0000,3.1033,0.9836,0,0.7541,1,9,0.3137,13.9170,0,0.8922
418,9,600,13,0,36.1490,0.057312,37,1.0000,3.1433,0.9836,0,0.7568,0,9,0.2941,14.1490,0,0.8948
419,9,600,25,0,35.9866,0.057312,37,1.0000,3.1467,0.9837,0,0.7921,5,9,0.2941,13.9866,0,0.8975
420,9,600,17,0,36.0325,0.057312,37,1.0000,3.1100,0.9837,0,0.7934,2,9,0.2941,14.0325,0,0.8986
421,9,600,17,0,36.0680,0.057312,37,1.0000,3.1067,0.9837,0,0.7540,2,9,0.2941,14.0680,0,0.8944
422,9,600,10,0,36.3526,0.057312,37,1.0000,3.0967,0.9838,0,0.7571,0,9,0.2941,14.3526,0,0.8986
423,9,600,18,0,36.3747,0.057312,37,1.0000,3.1167,0.9838,0,0.7399,1,9,0.2941,14.3747,0,0.8969
424,9,600,16,0,36.5027,0.057320,37,1.0000,3.1267,0.9839,0,0.7300,2,9,0.2941,14.5027,0,0.8969
425,9,600,13,0,36.7477,0.057329,37,1.0000,3.1533,0.9839,0,0.7474,0,9,0.2941,14.7477,0,0.9019
426,9,600,27,0,36.5058,0.057325,36,1.0000,3.1500,0.9840,0,0.7306,1,9,0.2941,14.5058,0,0.8961
427,9,600,19,0,36.5149,0.057325,36,1.0000,3.1533,0.9840,0,0.7283,1,9,0.2941,14.5149,0,0.8962
428,9,600,13,0,36.6652,0.057347,36,1.0000,3.1600,0.9840,0,0.7454,0,9,0.2941,14.6652,0,0.8996
429,9,600,21,0,36.5897,0.057347,36,1.0000,3.1800,0.9841,0,0.7292,1,9,0.2941,14.5897,0,0.8969
430,9,600,18,0,36.5969,0.057366,36,1.0000,3.2167,0.9841,0,0.7461,0,9,0.2941,14.5969,0,0.8986
431,9,600,19,0,36.6016,0.057375,36,1.0000,3.1867,0.9842,0,0.7450,1,9,0.2941,14.6016,0,0.8985
432,9,600,14,0,36.8035,0.057375,36,1.0000,3.1933,0.9842,0,0.7788,3,9,0.2941,14.8035,0,0.9057
433,9,600,24,0,36.6670,0.057388,36,1.0000,3.1733,0.9843,0,0.7809,3,9,0.2941,14.6670,0,0.9043
434,9,600,16,0,36.7383,0.057425,35,1.0000,3.2067,0.9843,0,0.7734,0,9,0.2745,14.7383,0,0.9038
435,9,600,16,0,36.8259,0.057425,35,1.0000,3.2100,0.9843,0,0.7614,0,9,0.2745,14.8259,0,0.9038
436,9,600,20,0,36.7713,0.057434,35,1.0000,3.2367,0.9844,0,0.7821,2,9,0.2745,14.7713,0,0.9056
437,9,600,18,0,36.8232,0.057434,35,1.0000,3.2200,0.9844,0,0.7812,1,9,0.2745,14.8232,0,0.9065
438,9,600,15,0,36.9883,0.057434,35,1.0000,3.1867,0.9845,0,0.7855,2,9,0.2745,14.9883,0,0.9095
439,9,600,15,0,37.1090,0.057434,35,1.0000,3.1967,0.9845,0,0.7806,2,9,0.2745,15.1090,0,0.9107
440,9,600,12,0,37.3431,0.057434,35,1.0000,3.1833,0.9845,0,0.7831,1,9,0.2745,15.3431,0,0.9141
441,9,600,20,0,37.3073,0.057434,35,1.0000,3.1733,0.9846,0,0.7809,1,9,0.2745,15.3073,0,0.9136
442,9,600,15,0,37.4636,0.057458,35,1.0000,3.1867,0.9846,0,0.7721,0,9,0.2745,15.4636,0,0.9138
443,9,600,23,0,37.3714,0.057469,35,1.0000,3.2167,0.9847,0,0.7667,1,9,0.2745,15.3714,0,0.9117
444,9,600,17,0,37.4575,0.057469,35,1.0000,3.2500,0.9847,0,0.7685,0,9,0.2745,15.4575,0,0.9132
445,9,600,10,0,37.7257,0.057469,35,1.0000,3.2333,0.9847,0,0.7699,1,9,0.2745,15.7257,0,0.9169
446,9,600,24,0,37.5541,0.057469,35,1.0000,3.2667,0.9848,0,0.7686,0,9,0.2745,15.5541,0,0.9148
447,9,600,26,0,37.3578,0.057469,35,1.0000,3.2400,0.9848,0,0.7624,4,9,0.2745,15.3578,0,0.9117
448,9,600,18,0,37.4367,0.057469,35,1.0000,3.2667,0.9848,0,0.7682,0,9,0.2745,15.4367,0,0.9136
449,9,600,15,0,37.5914,0.057476,35,1.0000,3.2733,0.9849,0,0.7810,1,9,0.2745,15.5914,0,0.9168
450,9,600,19,0,37.6085,0.057480,35,1.0000,3.2533,0.9849,0,0.7834,0,9,0.2745,15.6085,0,0.9172
451,9,600,18,0,37.6007,0.057491,35,1.0000,3.2400,0.9850,0,0.7624,3,9,0.2745,15.6007,0,0.9142
452,9,600,16,0,37.6901,0.057491,35,1.0000,3.2700,0.9850,0,0.7557,1,9,0.2745,15.6901,0,0.9146
453,9,600,16,0,37.7819,0.057491,35,1.0000,3.2867,0.9850,0,0.7651,2,9,0.2745,15.7819,0,0.9170
454,9,600,18,0,37.8162,0.057545,34,1.0000,3.3067,0.9851,0,0.7611,2,9,0.2745,15.8162,0,0.9167
455,9,600,19,0,37.8453,0.057545,34,1.0000,3.2833,0.9851,0,0.7488,1,9,0.2745,15.8453,0,0.9157
456,9,600,20,0,37.8195,0.057615,33,1.0000,3.3100,0.9851,0,0.7661,2,9,0.2549,15.8195,0,0.9169
457,9,600,17,0,37.8652,0.057615,33,1.0000,3.2967,0.9852,0,0.7534,1,9,0.2549,15.8652,0,0.9162
458,9,600,20,0,37.8064,0.057615,33,1.0000,3.2700,0.9852,0,0.7531,3,9,0.2549,15.8064,0,0.9157
459,9,600,19,0,37.8007,0.057628,33,1.0000,3.2633,0.9853,0,0.7737,0,9,0.2549,15.8007,0,0.9181
460,9,600,11,0,38.1064,0.057628,33,1.0000,3.3067,0.9853,0,0.7457,0,9,0.2549,16.1064,0,0.9187
461,9,600,18,0,38.1795,0.057628,33,1.0000,3.3100,0.9853,0,0.7575,3,9,0.2549,16.1795,0,0.9212
462,9,600,14,0,38.3300,0.057641,33,1.0000,3.3167,0.9854,0,0.7632,1,9,0.2549,16.3300,0,0.9236
463,9,600,14,0,38.4643,0.057605,33,1.0000,3.3100,0.9854,0,0.7632,0,9,0.2549,16.4643,0,0.9251
464,9,600,22,0,38.3339,0.057567,32,1.0000,3.3333,0.9854,0,0.7717,0,9,0.2353,16.3339,0,0.9244
465,9,600,24,0,38.1593,0.057567,32,1.0000,3.3267,0.9855,0,0.7730,3,9,0.2353,16.1593,0,0.9226
466,9,600,20,0,38.1530,0.057576,32,1.0000,3.3300,0.9855,0,0.7632,3,9,0.2353,16.1530,0,0.9211
467,9,600,19,0,38.2030,0.057583,32,1.0000,3.3300,0.9855,0,0.7897,0,9,0.2353,16.2030,0,0.9248
468,9,600,21,0,38.1767,0.057583,32,1.0000,3.3233,0.9856,0,0.7843,2,9,0.2353,16.1767,0,0.9241
469,9,600,23,0,38.0171,0.057550,31,1.0000,3.3200,0.9856,0,0.7849,1,9,0.2157,16.0171,0,0.9220
470,9,600,17,0,38.0639,0.057550,31,1.0000,3.3333,0.9856,0,0.7733,0,9,0.2157,16.0639,0,0.9215
471,9,600,11,0,38.2850,0.057523,31,1.0000,3.3567,0.9857,0,0.7708,0,9,0.2157,16.2850,0,0.9234
472,9,600,16,0,38.4049,0.057523,31,1.0000,3.3500,0.9857,0,0.7769,1,9,0.2157,16.4049,0,0.9259
473,9,600,18,0,38.4564,0.057523,31,1.0000,3.3500,0.9857,0,0.7793,1,9,0.2157,16.4564,0,0.9271
474,9,600,23,0,38.3668,0.057500,31,1.0000,3.3733,0.9858,0,0.7753,1,9,0.2157,16.3668,0,0.9249
475,9,600,16,0,38.4744,0.057489,31,1.0000,3.3900,0.9858,0,0.7867,2,9,0.2157,16.4744,0,0.9276
476,9,600,10,0,38.7188,0.057489,31,1.0000,3.3700,0.9858,0,0.7889,1,9,0.2157,16.7188,0,0.9312
477,9,600,14,0,38.8467,0.057489,31,1.0000,3.3633,0.9859,0,0.7770,1,9,0.2157,16.8467,0,0.9317
478,9,600,12,0,39.0558,0.057489,31,1.0000,3.3567,0.9859,0,0.7755,0,9,0.2157,17.0558,0,0.9344
479,9,600,18,0,39.0859,0.057506,31,1.0000,3.3733,0.9859,0,0.7853,0,9,0.2157,17.0859,0,0.9354
480,9,600,22,0,39.0143,0.057506,31,1.0000,3.3500,0.9860,0,0.7791,0,9,0.2157,17.0143,0,0.9340
481,9,600,13,0,39.2074,0.057506,31,1.0000,3.3733,0.9860,0,0.7669,1,9,0.2157,17.2074,0,0.9351
482,9,600,33,0,38.7490,0.057507,31,1.0000,3.3767,0.9860,0,0.7616,1,9,0.2157,16.7490,0,0.9286
483,9,600,24,0,38.6102,0.057507,31,1.0000,3.3633,0.9861,0,0.7616,4,9,0.2157,16.6102,0,0.9271
484,9,600,15,0,38.7658,0.057507,31,1.0000,3.3367,0.9861,0,0.7610,0,9,0.2157,16.7658,0,0.9291
485,9,600,18,0,38.8290,0.057470,30,1.0000,3.3367,0.9861,0,0.7783,1,9,0.2157,16.8290,0,0.9318
486,9,600,9,0,39.1564,0.057470,30,1.0000,3.3233,0.9862,0,0.7726,0,9,0.2157,17.1564,0,0.9354
487,9,600,19,0,39.1675,0.057470,30,1.0000,3.3367,0.9862,0,0.7809,1,9,0.2157,17.1675,0,0.9367
488,9,600,19,0,39.1273,0.057488,30,1.0000,3.3500,0.9862,0,0.7676,1,9,0.2157,17.1273,0,0.9338
489,9,600,16,0,39.1837,0.057495,30,1.0000,3.3467,0.9863,0,0.7664,1,9,0.2157,17.1837,0,0.9342
490,9,600,18,0,39.2262,0.057508,30,1.0000,3.3733,0.9863,0,0.7869,1,9,0.2157,17.2262,0,0.9371
491,9,600,19,0,39.2742,0.057508,30,1.0000,3.3833,0.9863,0,0.7794,3,9,0.2157,17.2742,0,0.9370
492,9,600,17,0,39.3785,0.057515,30,1.0000,3.3733,0.9864,0,0.7755,1,9,0.2157,17.3785,0,0.9377
493,9,600,21,0,39.2977,0.057524,30,1.0000,3.3833,0.9864,0,0.7739,0,9,0.2157,17.2977,0,0.9364
494,9,600,24,0,39.1383,0.057524,30,1.0000,3.3700,0.9864,0,0.7722,1,9,0.2157,17.1383,0,0.9345
495,9,600,20,0,39.0904,0.057524,30,1.0000,3.3833,0.9865,0,0.7667,1,9,0.2157,17.0904,0,0.9335
496,9,600,12,0,39.2957,0.057524,30,1.0000,3.3667,0.9865,0,0.7661,0,9,0.2157,17.2957,0,0.9363
497,9,600,24,0,39.1560,0.057534,30,1.0000,3.3867,0.9865,0,0.7803,1,9,0.2157,17.1560,0,0.9362
498,9,600,16,0,39.2849,0.057548,30,1.0000,3.3800,0.9865,0,0.7627,2,9,0.2157,17.2849,0,0.9354
499,9,600,16,0,39.4237,0.057548,30,1.0000,3.4167,0.9866,0,0.7649,1,9,0.2157,17.4237,0,0.9376
500,9,600,19,0,39.4643,0.057548,30,1.0000,3.4167,0.9866,0,0.7615,1,9,0.2157,17.4643,0,0.9379
501,9,600,21,0,39.3988,0.057548,30,1.0000,3.4467,0.9866,0,0.7649,2,9,0.2157,17.3988,0,0.9376
502,9,600,18,0,39.4580,0.057548,30,1.0000,3.4200,0.9867,0,0.7512,2,9,0.2157,17.4580,0,0.9368
503,9,600,15,0,39.6032,0.057548,30,1.0000,3.3833,0.9867,0,0.7573,0,9,0.2157,17.6032,0,0.9394
504,9,600,14,0,39.7764,0.057548,30,1.0000,3.4000,0.9867,0,0.7494,1,9,0.2157,17.7764,0,0.9407
505,9,600,22,0,39.6838,0.057548,30,1.0000,3.3733,0.9868,0,0.7406,1,9,0.2157,17.6838,0,0.9386
506,9,600,13,0,39.8337,0.057548,30,1.0000,3.3667,0.9868,0,0.7504,1,9,0.2157,17.8337,0,0.9417
507,9,600,20,0,39.7736,0.057570,30,1.0000,3.4000,0.9868,0,0.7511,1,9,0.2157,17.7736,0,0.9402
508,9,600,22,0,39.6903,0.057570,30,1.0000,3.4133,0.9868,0,0.7555,1,9,0.2157,17.6903,0,0.9398
509,9,600,11,0,39.9439,0.057570,30,1.0000,3.4033,0.9869,0,0.7624,1,9,0.2157,17.9439,0,0.9440
510,9,600,17,0,40.0006,0.057574,30,1.0000,3.4467,0.9869,0,0.7595,0,9,0.2157,18.0006,0,0.9440
511,9,600,12,0,40.2613,0.057574,30,1.0000,3.4533,0.9869,0,0.7704,2,9,0.2157,18.2613,0,0.9488
512,9,600,16,0,40.3763,0.057574,30,1.0000,3.4667,0.9870,0,0.7662,1,9,0.2157,18.3763,0,0.9499
513,9,600,15,0,40.5152,0.057574,30,1.0000,3.4600,0.9870,0,0.8043,1,9,0.2157,18.5152,0,0.9565
514,9,600,9,0,40.7989,0.057574,30,1.0000,3.4433,0.9870,0,0.8028,2,9,0.2157,18.7989,0,0.9600
515,9,600,11,0,41.0498,0.057574,30,1.0000,3.4467,0.9870,0,0.7924,0,9,0.2157,19.0498,0,0.9620
516,9,600,24,0,40.8760,0.057588,30,1.0000,3.4700,0.9871,0,0.7963,1,9,0.2157,18.8760,0,0.9600
517,9,600,10,0,41.1617,0.057588,30,1.0000,3.4600,0.9871,0,0.7970,1,9,0.2157,19.1617,0,0.9637
518,9,600,20,0,41.1331,0.057588,30,1.0000,3.4767,0.9871,0,0.7901,1,9,0.2157,19.1331,0,0.9626
519,9,600,22,0,41.0437,0.057600,30,1.0000,3.4667,0.9872,0,0.8112,3,9,0.2157,19.0437,0,0.9638
520,9,600,19,0,41.0569,0.057600,30,1.0000,3.4633,0.9872,0,0.7945,1,9,0.2157,19.0569,0,0.9620
521,9,600,23,0,40.9173,0.057610,30,1.0000,3.4667,0.9872,0,0.7988,2,9,0.2157,18.9173,0,0.9604
522,9,600,14,0,41.0731,0.057610,30,1.0000,3.5000,0.9872,0,0.7904,0,9,0.2157,19.0731,0,0.9615
523,9,600,14,0,41.2367,0.057610,30,1.0000,3.5100,0.9873,0,0.7609,0,9,0.2157,19.2367,0,0.9600
524,9,600,17,0,41.3277,0.057610,30,1.0000,3.5000,0.9873,0,0.7541,3,9,0.2157,19.3277,0,0.9604
525,9,600,17,0,41.4418,0.057610,30,1.0000,3.4967,0.9873,0,0.7769,2,9,0.2157,19.4418,0,0.9648
526,9,600,15,0,41.6125,0.057610,30,1.0000,3.4900,0.9873,0,0.7787,0,9,0.2157,19.6125,0,0.9673
527,9,600,18,0,41.6459,0.057612,30,1.0000,3.5067,0.9874,0,0.7845,1,9,0.2157,19.6459,0,0.9681
528,9,600,16,0,41.7108,0.057612,30,1.0000,3.4867,0.9874,0,0.7717,2,9,0.2157,19.7108,0,0.9674
529,9,600,15,0,41.7752,0.057612,30,1.0000,3.4767,0.9874,0,0.7758,2,9,0.2157,19.7752,0,0.9689
530,9,600,26,0,41.5519,0.057626,30,1.0000,3.4633,0.9874,0,0.7750,3,9,0.2157,19.5519,0,0.9656
531,9,600,23,0,41.4636,0.057626,30,1.0000,3.4667,0.9875,0,0.7738,2,9,0.2157,19.4636,0,0.9644
532,9,600,20,0,41.4790,0.057626,30,1.0000,3.4667,0.9875,0,0.7792,0,9,0.2157,19.4790,0,0.9654
533,9,600,18,0,41.5354,0.057626,30,1.0000,3.4833,0.9875,0,0.7831,5,9,0.2157,19.5354,0,0.9667
534,9,600,22,0,41.4460,0.057635,30,1.0000,3.5100,0.9876,0,0.7679,1,9,0.2157,19.4460,0,0.9634
535,9,600,21,0,41.3589,0.057635,30,1.0000,3.5233,0.9876,0,0.7669,0,9,0.2157,19.3589,0,0.9623
536,9,600,15,0,41.4775,0.057635,30,1.0000,3.5033,0.9876,0,0.7599,1,9,0.2157,19.4775,0,0.9630
537,9,600,11,0,41.7562,0.057635,30,1.0000,3.4967,0.9876,0,0.7535,1,9,0.2157,19.7562,0,0.9658
538,9,600,17,0,41.8820,0.057635,30,1.0000,3.5133,0.9877,0,0.7520,2,9,0.2157,19.8820,0,0.9673
539,9,600,18,0,41.9357,0.057645,30,1.0000,3.5233,0.9877,0,0.7486,2,9,0.2157,19.9357,0,0.9672
540,9,600,19,0,41.9304,0.057645,30,1.0000,3.5200,0.9877,0,0.7679,2,9,0.2157,19.9304,0,0.9696
541,9,600,18,0,41.9449,0.057645,30,1.0000,3.5167,0.9877,0,0.7624,3,9,0.2157,19.9449,0,0.9691
542,9,600,15,0,42.0766,0.057645,30,1.0000,3.5200,0.9878,0,0.7737,0,9,0.2157,20.0766,0,0.9723
543,9,600,11,0,42.3401,0.057645,30,1.0000,3.5400,0.9878,0,0.7553,2,9,0.2157,20.3401,0,0.9733
544,9,600,17,0,42.4170,0.057636,30,1.0000,3.5267,0.9878,0,0.7577,2,9,0.2157,20.4170,0,0.9742
545,9,600,20,0,42.4288,0.057636,30,1.0000,3.5467,0.9878,0,0.7526,2,9,0.2157,20.4288,0,0.9739
546,9,600,20,0,42.4046,0.057648,30,1.0000,3.5367,0.9879,0,0.7442,1,9,0.2157,20.4046,0,0.9722
547,9,600,13,0,42.5586,0.057648,30,1.0000,3.5267,0.9879,0,0.7415,1,9,0.2157,20.5586,0,0.9739
548,9,600,22,0,42.4203,0.057648,30,1.0000,3.5067,0.9879,0,0.7321,5,9,0.2157,20.4203,0,0.9712
549,9,600,17,0,42.5013,0.057663,30,1.0000,3.5200,0.9879,0,0.7330,0,9,0.2157,20.5013,0,0.9721
550,9,600,16,0,42.6056,0.057682,30,1.0000,3.4900,0.9880,0,0.7329,1,9,0.2157,20.6056,0,0.9727
551,9,600,15,0,42.7666,0.057682,30,1.0000,3.4867,0.9880,0,0.7260,1,9,0.2157,20.7666,0,0.9741
552,9,600,14,0,42.9734,0.057682,30,1.0000,3.4867,0.9880,0,0.7393,2,9,0.2157,20.9734,0,0.9786
553,9,600,13,0,43.1478,0.057682,30,1.0000,3.4867,0.9880,0,0.7433,1,9,0.2157,21.1478,0,0.9813
554,9,600,16,0,43.1967,0.057682,30,1.0000,3.5200,0.9880,0,0.7507,2,9,0.2157,21.1967,0,0.9831
555,9,600,15,0,43.3034,0.057682,30,1.0000,3.5033,0.9881,0,0.7407,0,9,0.2157,21.3034,0,0.9833
556,9,600,17,0,43.3644,0.057682,30,1.0000,3.5067,0.9881,0,0.7440,2,9,0.2157,21.3644,0,0.9846
557,9,600,17,0,43.4459,0.057682,30,1.0000,3.5167,0.9881,0,0.7412,2,9,0.2157,21.4459,0,0.9855
558,9,600,17,0,43.5177,0.057694,30,1.0000,3.4933,0.9881,0,0.7380,2,9,0.2157,21.5177,0,0.9857
559,9,600,18,0,43.5623,0.057684,30,1.0000,3.4867,0.9882,0,0.7238,2,9,0.2157,21.5623,0,0.9841
560,9,600,14,0,43.7717,0.057684,30,1.0000,3.4933,0.9882,0,0.7387,0,9,0.2157,21.7717,0,0.9888
561,9,600,16,0,43.8884,0.057684,30,1.0000,3.5000,0.9882,0,0.7520,1,9,0.2157,21.8884,0,0.9920
562,9,600,19,0,43.8787,0.057690,30,1.0000,3.5233,0.9882,0,0.7610,0,9,0.2157,21.8787,0,0.9927
563,9,600,11,0,44.1416,0.057690,30,1.0000,3.5367,0.9883,0,0.7616,0,9,0.2157,22.1416,0,0.9962
564,9,600,16,0,44.2583,0.057690,30,1.0000,3.5200,0.9883,0,0.7693,2,9,0.2157,22.2583,0,0.9988
565,9,600,16,0,44.3541,0.057690,30,1.0000,3.5267,0.9883,0,0.7689,0,9,0.2157,22.3541,0,0.9993
566,9,600,19,0,44.3302,0.057690,30,1.0000,3.5533,0.9883,0,0.7557,1,9,0.2157,22.3302,0,0.9976
567,9,600,17,0,44.3987,0.057690,30,1.0000,3.5667,0.9883,0,0.7452,2,9,0.2157,22.3987,0,0.9974
568,9,600,20,0,44.3692,0.057690,30,1.0000,3.6033,0.9884,0,0.7429,1,9,0.2157,22.3692,0,0.9968
569,9,600,16,0,44.4632,0.057690,30,1.0000,3.5933,0.9884,0,0.7461,2,9,0.2157,22.4632,0,0.9986
570,9,600,21,0,44.4316,0.057690,30,1.0000,3.5867,0.9884,0,0.7366,2,9,0.2157,22.4316,0,0.9972
571,9,600,21,0,44.3921,0.057690,30,1.0000,3.5700,0.9884,0,0.7435,1,9,0.2157,22.3921,0,0.9976
572,9,600,22,0,44.3014,0.057700,30,1.0000,3.5633,0.9885,0,0.7549,0,9,0.2157,22.3014,0,0.9976
573,9,600,26,0,44.0855,0.057700,30,1.0000,3.5700,0.9885,0,0.7557,3,9,0.2157,22.0855,0,0.9952
574,9,600,18,0,44.1330,0.057700,30,1.0000,3.5633,0.9885,0,0.7703,4,9,0.2157,22.1330,0,0.9976
575,9,600,13,0,44.3425,0.057695,30,1.0000,3.5800,0.9885,0,0.7508,0,9,0.2157,22.3425,0,0.9975
576,9,600,18,0,44.4020,0.057695,30,1.0000,3.5667,0.9885,0,0.7603,1,9,0.2157,22.4020,0,0.9995
577,9,600,14,0,44.5622,0.057695,30,1.0000,3.5600,0.9886,0,0.7788,1,9,0.2157,22.5622,0,1.0039
578,9,600,17,0,44.6298,0.057695,30,1.0000,3.5567,0.9886,0,0.7821,1,9,0.2157,22.6298,0,1.0053
579,9,600,18,0,44.6885,0.057695,30,1.0000,3.5800,0.9886,0,0.7823,0,9,0.2157,22.6885,0,1.0061
580,9,600,23,0,44.5882,0.057669,30,1.0000,3.6033,0.9886,0,0.7820,1,9,0.2157,22.5882,0,1.0041
581,9,600,16,0,44.6829,0.057669,30,1.0000,3.6133,0.9887,0,0.7819,1,9,0.2157,22.6829,0,1.0054
582,9,600,15,0,44.8134,0.057669,30,1.0000,3.6000,0.9887,0,0.7700,0,9,0.2157,22.8134,0,1.0057
583,9,600,11,0,45.0796,0.057669,30,1.0000,3.6033,0.9887,0,0.7714,2,9,0.2157,23.0796,0,1.0094
584,9,600,18,0,45.1233,0.057677,29,1.0000,3.6000,0.9887,0,0.7549,3,9,0.2157,23.1233,0,1.0076
585,9,600,19,0,45.1538,0.057677,29,1.0000,3.5833,0.9887,0,0.7503,3,9,0.2157,23.1538,0,1.0075
586,9,600,16,0,45.2731,0.057677,29,1.0000,3.5800,0.9888,0,0.7502,1,9,0.2157,23.2731,0,1.0092
587,9,600,14,0,45.4626,0.057677,29,1.0000,3.5667,0.9888,0,0.7529,0,9,0.2157,23.4626,0,1.0120
588,9,600,12,0,45.6830,0.057677,29,1.0000,3.5933,0.9888,0,0.7417,1,9,0.2157,23.6830,0,1.0135
589,9,600,13,0,45.8829,0.057677,29,1.0000,3.6000,0.9888,0,0.7407,2,9,0.2157,23.8829,0,1.0160
590,9,600,21,0,45.7895,0.057688,29,1.0000,3.6167,0.9888,0,0.7501,2,9,0.2157,23.7895,0,1.0156
591,9,600,22,0,45.6591,0.057629,29,1.0000,3.6067,0.9889,0,0.7501,0,9,0.2157,23.6591,0,1.0132
592,9,600,19,0,45.6661,0.057629,29,1.0000,3.6100,0.9889,0,0.7392,0,9,0.2157,23.6661,0,1.0122
593,9,600,14,0,45.8498,0.057629,29,1.0000,3.5933,0.9889,0,0.7349,2,9,0.2157,23.8498,0,1.0141
594,9,600,9,0,46.1957,0.057629,29,1.0000,3.5800,0.9889,0,0.7322,2,9,0.2157,24.1957,0,1.0182
595,9,600,20,0,46.1751,0.057629,29,1.0000,3.5800,0.9890,0,0.7456,1,9,0.2157,24.1751,0,1.0198
596,9,600,23,0,46.0305,0.057639,29,1.0000,3.6067,0.9890,0,0.7330,0,9,0.2157,24.0305,0,1.0162
597,9,600,17,0,46.0825,0.057639,29,1.0000,3.6100,0.9890,0,0.7316,0,9,0.2157,24.0825,0,1.0169
598,9,600,10,0,46.3753,0.057646,29,1.0000,3.6167,0.9890,0,0.7338,2,9,0.2157,24.3753,0,1.0206
599,9,600,21,0,46.3534,0.057646,29,1.0000,3.6267,0.9890,0,0.7409,1,9,0.2157,24.3534,0,1.0214
600,9,600,16,0,46.4702,0.057665,29,1.0000,3.6233,0.9891,0,0.7491,1,9,0.2157,24.4702,0,1.0232
601,9,600,23,0,46.3522,0.057665,29,1.0000,3.6167,0.9891,0,0.7708,1,9,0.2157,24.3522,0,1.0246
602,9,600,14,0,46.5019,0.057665,29,1.0000,3.6100,0.9891,0,0.7696,1,9,0.2157,24.5019,0,1.0265
603,9,600,18,0,46.5035,0.057675,29,1.0000,3.6233,0.9891,0,0.7672,0,9,0.2157,24.5035,0,1.0261
604,9,600,15,0,46.6375,0.057675,29,1.0000,3.6200,0.9891,0,0.7677,1,9,0.2157,24.6375,0,1.0280
605,9,600,19,0,46.6216,0.057684,29,1.0000,3.6233,0.9892,0,0.7729,2,9,0.2157,24.6216,0,1.0283
606,9,600,4,0,47.1153,0.057684,29,1.0000,3.6200,0.9892,0,0.7710,1,9,0.2157,25.1153,0,1.0345
607,9,600,12,0,47.3461,0.057684,29,1.0000,3.6233,0.9892,0,0.7936,1,9,0.2157,25.3461,0,1.0404
608,9,600,22,0,47.2705,0.057703,29,1.0000,3.6467,0.9892,0,0.7948,1,9,0.2157,25.2705,0,1.0390
609,9,600,21,0,47.1977,0.057703,29,1.0000,3.6433,0.9892,0,0.7998,5,9,0.2157,25.1977,0,1.0389
610,9,600,24,0,47.0552,0.057703,29,1.0000,3.6500,0.9892,0,0.7859,1,9,0.2157,25.0552,0,1.0356
611,9,600,15,0,47.2042,0.057703,29,1.0000,3.6500,0.9893,0,0.7821,1,9,0.2157,25.2042,0,1.0372
612,9,600,16,0,47.3445,0.057692,29,1.0000,3.6500,0.9893,0,0.7809,0,9,0.2157,25.3445,0,1.0385
613,9,600,19,0,47.3860,0.057692,29,1.0000,3.6367,0.9893,0,0.7951,1,9,0.2157,25.3860,0,1.0410
614,9,600,18,0,47.4137,0.057692,29,1.0000,3.6400,0.9893,0,0.7825,2,9,0.2157,25.4137,0,1.0399
615,9,600,31,0,47.0135,0.057692,29,1.0000,3.6367,0.9893,0,0.7597,2,9,0.2157,25.0135,0,1.0322
616,9,600,17,0,47.1079,0.057692,29,1.0000,3.6300,0.9894,0,0.7678,3,9,0.2157,25.1079,0,1.0346
617,9,600,14,0,47.2877,0.057692,29,1.0000,3.6400,0.9894,0,0.7559,4,9,0.2157,25.2877,0,1.0354
618,9,600,16,0,47.4162,0.057692,29,1.0000,3.6367,0.9894,0,0.7531,1,9,0.2157,25.4162,0,1.0367
619,9,600,16,0,47.5371,0.057692,29,1.0000,3.6600,0.9894,0,0.7418,0,9,0.2157,25.5371,0,1.0368
620,9,600,14,0,47.7002,0.057713,29,1.0000,3.6667,0.9894,0,0.7397,1,9,0.2157,25.7002,0,1.0378
621,9,600,14,0,47.7948,0.057716,29,1.0000,3.6700,0.9895,0,0.7380,0,9,0.2157,25.7948,0,1.0389
622,9,600,16,0,47.8581,0.057716,29,1.0000,3.6533,0.9895,0,0.7476,1,9,0.2157,25.8581,0,1.0410
623,9,600,14,0,48.0306,0.057714,29,1.0000,3.6700,0.9895,0,0.7287,0,9,0.2157,26.0306,0,1.0405
624,9,600,17,0,48.1530,0.057714,29,1.0000,3.6633,0.9895,0,0.7450,1,9,0.2157,26.1530,0,1.0442
625,9,600,21,0,48.1243,0.057714,29,1.0000,3.6767,0.9895,0,0.7429,0,9,0.2157,26.1243,0,1.0437
626,9,600,15,0,48.2714,0.057723,29,1.0000,3.6833,0.9895,0,0.7360,2,9,0.2157,26.2714,0,1.0445
627,9,600,24,0,48.0967,0.057737,29,1.0000,3.6967,0.9896,0,0.7410,2,9,0.2157,26.0967,0,1.0427
628,9,600,12,0,48.3304,0.057737,29,1.0000,3.6933,0.9896,0,0.7402,0,9,0.2157,26.3304,0,1.0458
629,9,600,18,0,48.3733,0.057729,28,1.0000,3.7133,0.9896,0,0.7319,0,9,0.2157,26.3733,0,1.0451
630,9,600,20,0,48.3468,0.057729,28,1.0000,3.7000,0.9896,0,0.7420,1,9,0.2157,26.3468,0,1.0462
631,9,600,15,0,48.5042,0.057729,28,1.0000,3.6933,0.9896,0,0.7399,2,9,0.2157,26.5042,0,1.0481
632,9,600,29,0,48.1932,0.057741,28,1.0000,3.7033,0.9897,0,0.7392,6,9,0.2157,26.1932,0,1.0439
633,9,600,22,0,48.1345,0.057741,28,1.0000,3.6800,0.9897,0,0.7255,1,9,0.2157,26.1345,0,1.0416
634,9,600,12,0,48.3714,0.057741,28,1.0000,3.7067,0.9897,0,0.7270,2,9,0.2157,26.3714,0,1.0450
635,9,600,11,0,48.5759,0.057741,28,1.0000,3.7033,0.9897,0,0.7382,0,9,0.2157,26.5759,0,1.0491
636,9,600,11,0,48.8146,0.057741,28,1.0000,3.6900,0.9897,0,0.7401,0,9,0.2157,26.8146,0,1.0524
637,9,600,23,0,48.7068,0.057741,28,1.0000,3.6867,0.9897,0,0.7262,0,9,0.2157,26.7068,0,1.0495
638,9,600,13,0,48.9210,0.057751,28,1.0000,3.7100,0.9898,0,0.7398,3,9,0.2157,26.9210,0,1.0535
639,9,600,18,0,48.9952,0.057769,28,1.0000,3.7300,0.9898,0,0.7339,2,9,0.2157,26.9952,0,1.0529
640,9,600,14,0,49.1472,0.057769,28,1.0000,3.7200,0.9898,0,0.7364,1,9,0.2157,27.1472,0,1.0553
641,9,600,16,0,49.2305,0.057769,28,1.0000,3.7167,0.9898,0,0.7353,2,9,0.2157,27.2305,0,1.0564
642,9,600,11,0,49.4746,0.057774,28,1.0000,3.7267,0.9898,0,0.7390,0,9,0.2157,27.4746,0,1.0597
643,9,600,19,0,49.4965,0.057774,28,1.0000,3.7300,0.9898,0,0.7296,1,9,0.2157,27.4965,0,1.0590
644,9,600,10,0,49.8200,0.057774,28,1.0000,3.7333,0.9899,0,0.7466,0,9,0.2157,27.8200,0,1.0654
645,9,600,17,0,49.9255,0.057774,28,1.0000,3.7233,0.9899,0,0.7399,2,9,0.2157,27.9255,0,1.0660
646,9,600,20,0,49.9047,0.057774,28,1.0000,3.7167,0.9899,0,0.7537,0,9,0.2157,27.9047,0,1.0677
647,9,600,14,0,50.0548,0.057783,28,1.0000,3.7333,0.9899,0,0.7568,0,9,0.2157,28.0548,0,1.0697
648,9,600,23,0,49.8862,0.057747,27,1.0000,3.7200,0.9899,0,0.7574,2,9,0.2157,27.8862,0,1.0674
649,9,600,14,0,50.0337,0.057747,27,1.0000,3.6933,0.9899,0,0.7919,0,9,0.2157,28.0337,0,1.0737
650,9,600,19,0,50.0568,0.057751,27,1.0000,3.7233,0.9900,0,0.7723,1,10,0.2157,28.0568,0,1.0713
651,9,600,22,0,50.0258,0.057751,27,1.0000,3.7200,0.9900,0,0.7815,3,10,0.2157,28.0258,0,1.0722
652,9,600,21,0,49.9654,0.057751,27,1.0000,3.7167,0.9900,0,0.7777,3,10,0.2157,27.9654,0,1.0711
653,9,600,24,0,49.7990,0.057751,27,1.0000,3.7267,0.9900,0,0.7819,2,10,0.2157,27.7990,0,1.0697
654,9,600,20,0,49.7471,0.057751,27,1.0000,3.7200,0.9900,0,0.7811,1,10,0.2157,27.7471,0,1.0687
655,9,600,13,0,49.9264,0.057767,27,1.0000,3.7333,0.9900,0,0.7619,1,10,0.2157,27.9264,0,1.0683
656,9,600,14,0,50.1367,0.057767,27,1.0000,3.7400,0.9901,0,0.7658,1,10,0.2157,28.1367,0,1.0717
657,9,600,17,0,50.2726,0.057767,27,1.0000,3.7533,0.9901,0,0.7692,1,10,0.2157,28.2726,0,1.0739
658,9,600,16,0,50.4132,0.057779,27,1.0000,3.7467,0.9901,0,0.7606,0,10,0.2157,28.4132,0,1.0744
659,9,600,10,0,50.6895,0.057779,27,1.0000,3.7300,0.9901,0,0.7557,0,10,0.2157,28.6895,0,1.0774
660,9,600,17,0,50.7177,0.057789,27,1.0000,3.7733,0.9901,0,0.7581,2,10,0.2157,28.7177,0,1.0777
661,9,600,17,0,50.7859,0.057789,27,1.0000,3.7700,0.9901,0,0.7559,2,10,0.2157,28.7859,0,1.0785
662,9,600,16,0,50.9031,0.057789,27,1.0000,3.7467,0.9902,0,0.7513,2,10,0.2157,28.9031,0,1.0796
663,9,600,15,0,51.0644,0.057798,27,1.0000,3.7600,0.9902,0,0.7634,3,10,0.2157,29.0644,0,1.0829
664,9,600,22,0,50.9667,0.057798,27,1.0000,3.7767,0.9902,0,0.7643,1,10,0.2157,28.9667,0,1.0815
665,9,600,20,0,50.8898,0.057798,27,1.0000,3.7700,0.9902,0,0.7615,2,10,0.2157,28.8898,0,1.0800
666,9,600,13,0,51.0666,0.057798,27,1.0000,3.7600,0.9902,0,0.7704,0,10,0.2157,29.0666,0,1.0836
667,9,600,18,0,51.0855,0.057817,27,1.0000,3.7600,0.9902,0,0.7551,1,10,0.2157,29.0855,0,1.0813
668,9,600,19,0,51.1127,0.057817,27,1.0000,3.7767,0.9903,0,0.7402,1,10,0.2157,29.1127,0,1.0801
669,9,600,17,0,51.2269,0.057817,27,1.0000,3.7667,0.9903,0,0.7388,2,10,0.2157,29.2269,0,1.0816
670,9,600,15,0,51.3665,0.057817,27,1.0000,3.7667,0.9903,0,0.7398,2,10,0.2157,29.3665,0,1.0837
671,9,600,18,0,51.4288,0.057817,27,1.0000,3.7667,0.9903,0,0.7368,0,10,0.2157,29.4288,0,1.0844
672,9,600,20,0,51.4142,0.057817,27,1.0000,3.7633,0.9903,0,0.7578,0,10,0.2157,29.4142,0,1.0870
673,9,600,20,0,51.3930,0.057817,27,1.0000,3.7600,0.9903,0,0.7730,0,10,0.2157,29.3930,0,1.0888
674,9,600,16,0,51.5135,0.057817,27,1.0000,3.7767,0.9904,0,0.7669,2,10,0.2157,29.5135,0,1.0897
675,9,600,12,0,51.7728,0.057830,27,1.0000,3.7867,0.9904,0,0.7818,0,10,0.2157,29.7728,0,1.0945
676,9,600,21,0,51.7594,0.057830,27,1.0000,3.7867,0.9904,0,0.7847,1,10,0.2157,29.7594,0,1.0947
677,9,600,20,0,51.7525,0.057842,27,1.0000,3.7867,0.9904,0,0.7964,1,10,0.2157,29.7525,0,1.0957
678,9,600,19,0,51.7237,0.057848,27,1.0000,3.7933,0.9904,0,0.8032,1,10,0.2157,29.7237,0,1.0955
679,9,600,13,0,51.8912,0.057848,27,1.0000,3.7833,0.9904,0,0.7904,0,10,0.2157,29.8912,0,1.0962
680,9,600,15,0,52.0042,0.057844,27,1.0000,3.8067,0.9904,0,0.7980,1,10,0.2157,30.0042,0,1.0983
681,9,600,18,0,52.0633,0.057844,27,1.0000,3.8167,0.9905,0,0.7814,2,10,0.2157,30.0633,0,1.0973
682,9,600,28,0,51.8439,0.057853,27,1.0000,3.8267,0.9905,0,0.7973,2,10,0.2157,29.8439,0,1.0964
683,9,600,14,0,52.0651,0.057853,27,1.0000,3.8267,0.9905,0,0.7849,0,10,0.2157,30.0651,0,1.0979
684,9,600,15,0,52.2167,0.057853,27,1.0000,3.8433,0.9905,0,0.7894,1,10,0.2157,30.2167,0,1.1005
685,9,600,15,0,52.3015,0.057853,27,1.0000,3.8367,0.9905,0,0.7632,0,10,0.2157,30.3015,0,1.0985
686,9,600,17,0,52.3451,0.057853,27,1.0000,3.8267,0.9905,0,0.7668,2,10,0.2157,30.3451,0,1.0998
687,9,600,13,0,52.5597,0.057853,27,1.0000,3.8367,0.9906,0,0.7645,1,10,0.2157,30.5597,0,1.1022
688,9,600,21,0,52.5625,0.057853,27,1.0000,3.8433,0.9906,0,0.7755,1,10,0.2157,30.5625,0,1.1038
689,9,600,25,0,52.4257,0.057869,26,1.0000,3.8500,0.9906,0,0.7739,0,10,0.2157,30.4257,0,1.1015
690,9,600,16,0,52.5340,0.057869,26,1.0000,3.8533,0.9906,0,0.7651,0,10,0.2157,30.5340,0,1.1018
691,9,600,14,0,52.6863,0.057869,26,1.0000,3.8633,0.9906,0,0.7691,2,10,0.2157,30.6863,0,1.1043
692,9,600,17,0,52.7238,0.057861,26,1.0000,3.8800,0.9906,0,0.7767,0,10,0.2157,30.7238,0,1.1055
693,9,600,21,0,52.6945,0.057861,26,1.0000,3.8733,0.9906,0,0.7783,0,10,0.2157,30.6945,0,1.1054
694,9,600,15,0,52.8445,0.057861,26,1.0000,3.8733,0.9907,0,0.7642,2,10,0.2157,30.8445,0,1.1056
695,9,600,18,0,52.9181,0.057861,26,1.0000,3.8933,0.9907,0,0.7615,7,10,0.2157,30.9181,0,1.1063
696,9,600,17,0,53.0194,0.057875,26,1.0000,3.8867,0.9907,0,0.7623,1,10,0.2157,31.0194,0,1.1074
697,9,600,7,0,53.4304,0.057875,26,1.0000,3.8733,0.9907,0,0.7441,2,10,0.2157,31.4304,0,1.1104
698,9,600,16,0,53.4942,0.057885,26,1.0000,3.8633,0.9907,0,0.7627,0,10,0.2157,31.4942,0,1.1132
699,9,600,21,0,53.4025,0.057885,26,1.0000,3.8733,0.9907,0,0.7529,1,10,0.2157,31.4025,0,1.1110
700,9,600,12,0,53.6318,0.057875,26,1.0000,3.8700,0.9907,0,0.7693,1,10,0.2157,31.6318,0,1.1156
701,9,600,27,0,53.3773,0.057894,26,1.0000,3.8833,0.9908,0,0.7717,0,10,0.2157,31.3773,0,1.1124
702,9,600,8,0,53.7505,0.057894,26,1.0000,3.8967,0.9908,0,0.7668,0,10,0.2157,31.7505,0,1.1167
703,9,600,21,0,53.7017,0.057894,26,1.0000,3.9100,0.9908,0,0.7699,2,10,0.2157,31.7017,0,1.1167
704,9,600,16,0,53.7893,0.057903,26,1.0000,3.9133,0.9908,0,0.7763,3,10,0.2157,31.7893,0,1.1184
705,9,600,15,0,53.9128,0.057903,26,1.0000,3.9100,0.9908,0,0.7874,0,10,0.2157,31.9128,0,1.1215
706,9,600,15,0,54.0781,0.057903,26,1.0000,3.9067,0.9908,0,0.7876,1,10,0.2157,32.0781,0,1.1238
707,9,600,19,0,54.1062,0.057903,26,1.0000,3.8900,0.9908,0,0.7877,2,10,0.2157,32.1062,0,1.1243
708,9,600,16,0,54.2405,0.057903,26,1.0000,3.8900,0.9909,0,0.7810,2,10,0.2157,32.2405,0,1.1253
709,9,600,19,0,54.2482,0.057913,26,1.0000,3.9133,0.9909,0,0.7845,2,10,0.2157,32.2482,0,1.1256
710,9,600,14,0,54.3775,0.057913,26,1.0000,3.8967,0.9909,0,0.7773,1,10,0.2157,32.3775,0,1.1264
711,9,600,19,0,54.3442,0.057922,26,1.0000,3.9033,0.9909,0,0.7793,3,10,0.2157,32.3442,0,1.1259
712,9,600,16,0,54.4490,0.057922,26,1.0000,3.8800,0.9909,0,0.7628,1,10,0.2157,32.4490,0,1.1253
713,9,600,13,0,54.6658,0.057922,26,1.0000,3.8667,0.9909,0,0.7654,1,10,0.2157,32.6658,0,1.1285
714,9,600,18,0,54.7454,0.057938,26,1.0000,3.8700,0.9909,0,0.7635,4,10,0.2157,32.7454,0,1.1289
715,9,600,17,0,54.8047,0.057945,26,1.0000,3.8933,0.9910,0,0.7426,2,10,0.2157,32.8047,0,1.1268
716,9,600,16,0,54.8852,0.057954,26,1.0000,3.8933,0.9910,0,0.7428,1,10,0.2157,32.8852,0,1.1276
717,9,600,15,0,54.9968,0.057954,26,1.0000,3.9100,0.9910,0,0.7292,0,10,0.2157,32.9968,0,1.1276
718,9,600,10,0,55.2906,0.057954,26,1.0000,3.9267,0.9910,0,0.7341,0,10,0.2157,33.2906,0,1.1321
719,9,600,22,0,55.2300,0.058007,25,1.0000,3.9300,0.9910,0,0.7385,2,10,0.2157,33.2300,0,1.1316
720,9,600,15,0,55.3916,0.058016,25,1.0000,3.9467,0.9910,0,0.7293,2,10,0.2157,33.3916,0,1.1323
721,9,600,15,0,55.5560,0.058016,25,1.0000,3.9467,0.9910,0,0.7318,0,10,0.2157,33.5560,0,1.1349
722,9,600,17,0,55.6172,0.058016,25,1.0000,3.9667,0.9910,0,0.7220,1,10,0.2157,33.6172,0,1.1347
723,9,600,15,0,55.7211,0.058016,25,1.0000,3.9767,0.9911,0,0.7375,3,10,0.2157,33.7211,0,1.1382
724,9,600,17,0,55.7880,0.058026,25,1.0000,3.9700,0.9911,0,0.7520,3,10,0.2157,33.7880,0,1.1406
725,9,600,13,0,56.0132,0.058026,25,1.0000,3.9467,0.9911,0,0.7625,0,10,0.2157,34.0132,0,1.1448
726,9,600,26,0,55.8338,0.058026,25,1.0000,3.9567,0.9911,0,0.7619,2,10,0.2157,33.8338,0,1.1427
727,9,600,21,0,55.7770,0.058026,25,1.0000,3.9667,0.9911,0,0.7684,0,10,0.2157,33.7770,0,1.1430
728,9,600,16,0,55.8526,0.058035,25,1.0000,3.9800,0.9911,0,0.7623,1,10,0.2157,33.8526,0,1.1428
729,9,600,17,0,55.9148,0.058035,25,1.0000,3.9767,0.9911,0,0.7562,2,10,0.2157,33.9148,0,1.1429
730,9,600,14,0,56.1124,0.058035,25,1.0000,3.9800,0.9912,0,0.7539,1,10,0.2157,34.1124,0,1.1452
731,9,600,18,0,56.1664,0.058035,25,1.0000,3.9833,0.9912,0,0.7613,3,10,0.2157,34.1664,0,1.1469
732,9,600,23,0,56.0493,0.058045,25,1.0000,3.9833,0.9912,0,0.7469,1,10,0.2157,34.0493,0,1.1433
733,9,600,18,0,56.1162,0.058054,25,1.0000,4.0100,0.9912,0,0.7432,4,10,0.2157,34.1162,0,1.1434
734,9,600,8,0,56.4913,0.058054,25,1.0000,3.9967,0.9912,0,0.7358,1,10,0.2157,34.4913,0,1.1473
735,9,600,16,0,56.5879,0.058064,25,1.0000,4.0000,0.9912,0,0.7355,0,10,0.2157,34.5879,0,1.1482
736,9,600,20,0,56.5519,0.058075,25,1.0000,4.0000,0.9912,0,0.7416,0,10,0.2157,34.5519,0,1.1483
737,9,600,18,0,56.6003,0.058075,25,1.0000,4.0033,0.9912,0,0.7403,0,10,0.2157,34.6003,0,1.1490
738,9,600,17,0,56.6698,0.058075,25,1.0000,4.0133,0.9913,0,0.7371,2,10,0.2157,34.6698,0,1.1493
739,9,600,14,0,56.8500,0.058084,25,1.0000,4.0167,0.9913,0,0.7458,1,10,0.2157,34.8500,0,1.1524
740,9,600,18,0,56.8748,0.058084,25,1.0000,4.0133,0.9913,0,0.7364,1,10,0.2157,34.8748,0,1.1515
741,9,600,17,0,56.9383,0.058082,25,1.0000,4.0367,0.9913,0,0.7351,1,10,0.2157,34.9383,0,1.1518
742,9,600,14,0,57.0980,0.058072,24,1.0000,4.0533,0.9913,0,0.7441,0,10,0.2157,35.0980,0,1.1549
743,9,600,11,0,57.3249,0.058075,24,1.0000,4.0533,0.9913,0,0.7457,0,10,0.2157,35.3249,0,1.1574
744,9,600,17,0,57.3847,0.058088,24,1.0000,4.0800,0.9913,0,0.7541,1,10,0.2157,35.3847,0,1.1592
745,9,600,18,0,57.4650,0.058097,24,1.0000,4.0833,0.9913,0,0.7446,2,10,0.2157,35.4650,0,1.1590
746,9,600,20,0,57.4457,0.058097,24,1.0000,4.0967,0.9914,0,0.7579,1,10,0.2157,35.4457,0,1.1609
747,9,600,18,0,57.4415,0.058097,24,1.0000,4.0900,0.9914,0,0.7450,0,10,0.2157,35.4415,0,1.1597
748,9,600,16,0,57.5193,0.058097,24,1.0000,4.0833,0.9914,0,0.7448,1,10,0.2157,35.5193,0,1.1611
749,9,600,15,0,57.6297,0.058097,24,1.0000,4.0567,0.9914,0,0.7489,0,10,0.2157,35.6297,0,1.1629
750,9,600,12,0,57.8760,0.058097,24,1.0000,4.0800,0.9914,0,0.7541,2,10,0.2157,35.8760,0,1.1670
751,9,600,19,0,57.9244,0.058097,24,1.0000,4.0667,0.9914,0,0.7614,1,10,0.2157,35.9244,0,1.1688
752,9,600,12,0,58.1886,0.058097,24,1.0000,4.0667,0.9914,0,0.7629,1,10,0.2157,36.1886,0,1.1724
753,9,600,17,0,58.2445,0.058110,24,1.0000,4.0600,0.9914,0,0.7685,0,10,0.2157,36.2445,0,1.1731
754,9,600,21,0,58.1462,0.058114,24,1.0000,4.0500,0.9915,0,0.7581,1,10,0.2157,36.1462,0,1.1707
755,9,600,16,0,58.2217,0.058124,24,1.0000,4.0567,0.9915,0,0.7494,0,10,0.2157,36.2217,0,1.1703
756,9,600,17,0,58.3146,0.058124,24,1.0000,4.0467,0.9915,0,0.7453,0,10,0.2157,36.3146,0,1.1711
757,9,600,12,0,58.5721,0.058124,24,1.0000,4.0533,0.9915,0,0.7403,0,10,0.2157,36.5721,0,1.1739
758,9,600,15,0,58.7263,0.058124,24,1.0000,4.0433,0.9915,0,0.7413,2,10,0.2157,36.7263,0,1.1761
759,9,600,16,0,58.8562,0.058124,24,1.0000,4.0667,0.9915,0,0.7516,0,10,0.2157,36.8562,0,1.1792
760,9,600,17,0,58.9280,0.058134,24,1.0000,4.0700,0.9915,0,0.7507,0,10,0.2157,36.9280,0,1.1797
761,9,600,18,0,58.9463,0.058160,24,1.0000,4.0800,0.9915,0,0.7617,0,10,0.2157,36.9463,0,1.1811
762,9,600,11,0,59.1745,0.058170,24,1.0000,4.0900,0.9915,0,0.7761,1,10,0.2157,37.1745,0,1.1855
763,9,600,25,0,58.9941,0.058170,24,1.0000,4.1000,0.9916,0,0.7670,4,10,0.2157,36.9941,0,1.1824
764,9,600,18,0,59.0200,0.058189,24,1.0000,4.1167,0.9916,0,0.7459,2,10,0.2157,37.0200,0,1.1794
765,9,600,16,0,59.1231,0.058189,24,1.0000,4.1333,0.9916,0,0.7574,0,10,0.2157,37.1231,0,1.1819
766,9,600,18,0,59.1542,0.058189,24,1.0000,4.1033,0.9916,0,0.7640,3,10,0.2157,37.1542,0,1.1835
767,9,600,19,0,59.1257,0.058189,24,1.0000,4.1067,0.9916,0,0.7752,0,10,0.2157,37.1257,0,1.1848
768,9,600,16,0,59.2531,0.058189,24,1.0000,4.0933,0.9916,0,0.7763,2,10,0.2157,37.2531,0,1.1869
769,9,600,18,0,59.3257,0.058189,24,1.0000,4.1167,0.9916,0,0.7678,2,10,0.2157,37.3257,0,1.1870
770,9,600,19,0,59.3801,0.058189,24,1.0000,4.0867,0.9916,0,0.7632,2,10,0.2157,37.3801,0,1.1873
771,9,600,20,0,59.3965,0.058189,24,1.0000,4.0900,0.9917,0,0.7708,3,10,0.2157,37.3965,0,1.1886
772,9,600,11,0,59.6409,0.058189,24,1.0000,4.0900,0.9917,0,0.7663,1,10,0.2157,37.6409,0,1.1912
773,9,600,15,0,59.7368,0.058198,24,1.0000,4.0967,0.9917,0,0.7727,1,10,0.2157,37.7368,0,1.1929
774,9,600,22,0,59.6509,0.058198,24,1.0000,4.0867,0.9917,0,0.7776,1,10,0.2157,37.6509,0,1.1925
775,9,600,17,0,59.7660,0.058198,24,1.0000,4.0800,0.9917,0,0.7751,0,10,0.2157,37.7660,0,1.1936
776,9,600,11,0,60.0593,0.058198,24,1.0000,4.0867,0.9917,0,0.7656,0,10,0.2157,38.0593,0,1.1962
777,9,600,21,0,59.9835,0.058220,24,1.0000,4.0933,0.9917,0,0.7640,0,10,0.2157,37.9835,0,1.1943
778,9,600,13,0,60.1673,0.058220,24,1.0000,4.0867,0.9917,0,0.7532,1,10,0.2157,38.1673,0,1.1954
779,9,600,8,0,60.5143,0.058220,24,1.0000,4.0833,0.9917,0,0.7553,1,10,0.2157,38.5143,0,1.2000
780,9,600,20,0,60.4722,0.058220,24,1.0000,4.1000,0.9918,0,0.7763,1,10,0.2157,38.4722,0,1.2017
781,9,600,10,0,60.8017,0.058220,24,1.0000,4.0933,0.9918,0,0.7760,3,10,0.2157,38.8017,0,1.2060
782,9,600,25,0,60.6564,0.058233,24,1.0000,4.0900,0.9918,0,0.7799,2,10,0.2157,38.6564,0,1.2044
783,9,600,19,0,60.6736,0.058233,24,1.0000,4.1033,0.9918,0,0.7730,1,10,0.2157,38.6736,0,1.2039
784,9,600,15,0,60.8013,0.058242,24,1.0000,4.1300,0.9918,0,0.7749,1,10,0.2157,38.8013,0,1.2056
785,9,600,15,0,60.9221,0.058242,24,1.0000,4.1300,0.9918,0,0.7736,2,10,0.2157,38.9221,0,1.2072
786,9,600,18,0,60.9436,0.058249,24,1.0000,4.1467,0.9918,0,0.7626,1,10,0.2157,38.9436,0,1.2059
787,9,600,11,0,61.2312,0.058249,24,1.0000,4.1433,0.9918,0,0.7709,1,10,0.2157,39.2312,0,1.2109
788,9,600,15,0,61.4115,0.058249,24,1.0000,4.1400,0.9918,0,0.7619,1,10,0.2157,39.4115,0,1.2123
789,9,600,16,0,61.5457,0.058249,24,1.0000,4.1467,0.9919,0,0.7601,0,10,0.2157,39.5457,0,1.2139
790,9,600,13,0,61.7512,0.058249,24,1.0000,4.1333,0.9919,0,0.7512,1,10,0.2157,39.7512,0,1.2155
791,9,600,14,0,61.8874,0.058249,24,1.0000,4.1267,0.9919,0,0.7656,1,10,0.2157,39.8874,0,1.2191
792,9,600,19,0,61.8677,0.058258,24,1.0000,4.1400,0.9919,0,0.7698,1,10,0.2157,39.8677,0,1.2191
793,9,600,15,0,62.0005,0.058258,24,1.0000,4.1433,0.9919,0,0.7770,2,10,0.2157,40.0005,0,1.2217
794,9,600,19,0,62.0509,0.058258,24,1.0000,4.1533,0.9919,0,0.7859,1,10,0.2157,40.0509,0,1.2229
795,9,600,12,0,62.3262,0.058258,24,1.0000,4.1733,0.9919,0,0.7942,0,10,0.2157,40.3262,0,1.2240
796,9,600,15,0,62.4798,0.058258,24,1.0000,4.1800,0.9919,0,0.7917,4,10,0.2157,40.4798,0,1.2238
797,9,600,12,0,62.6846,0.058256,23,1.0000,4.1833,0.9919,0,0.8049,0,10,0.1961,40.6846,0,1.2250
798,9,600,16,0,62.7679,0.058266,23,1.0000,4.1800,0.9920,0,0.8057,1,10,0.1961,40.7679,0,1.2248
799,9,600,9,0,63.0879,0.058266,23,1.0000,4.1833,0.9920,0,0.8058,1,10,0.1961,41.0879,0,1.2250
800,9,600,14,0,63.2845,0.058266,23,1.0000,4.1767,0.9920,0,0.7863,1,10,0.1961,41.2845,0,1.2227
801,9,600,17,0,63.3931,0.058266,23,1.0000,4.1667,0.9920,0,0.7825,0,10,0.1961,41.3931,0,1.2223
802,9,600,24,0,63.2661,0.058266,23,1.0000,4.1733,0.9920,0,0.7731,2,10,0.1961,41.2661,0,1.2213
803,9,600,25,0,63.0849,0.058266,23,1.0000,4.1667,0.9920,0,0.7618,1,10,0.1961,41.0849,0,1.2200
804,9,600,13,0,63.2704,0.058275,23,1.0000,4.1700,0.9920,0,0.7483,0,10,0.1961,41.2704,0,1.2180
805,9,600,20,0,63.2427,0.058275,23,1.0000,4.1800,0.9920,0,0.7416,2,10,0.1961,41.2427,0,1.2173
806,9,600,11,0,63.5246,0.058275,23,1.0000,4.1733,0.9920,0,0.7440,0,10,0.1961,41.5246,0,1.2177
807,9,600,19,0,63.5496,0.058275,23,1.0000,4.1733,0.9921,0,0.7417,1,10,0.1961,41.5496,0,1.2173
808,9,600,19,0,63.5795,0.058275,23,1.0000,4.1767,0.9921,0,0.7290,2,10,0.1961,41.5795,0,1.2158
809,9,600,16,0,63.6743,0.058275,23,1.0000,4.1933,0.9921,0,0.7185,1,10,0.1961,41.6743,0,1.2145
810,9,600,10,0,63.9655,0.058275,23,1.0000,4.1967,0.9921,0,0.7314,0,10,0.1961,41.9655,0,1.2162
811,9,600,14,0,64.1019,0.058275,23,1.0000,4.1867,0.9921,0,0.7244,3,10,0.1961,42.1019,0,1.2153
812,9,600,16,0,64.1987,0.058260,23,1.0000,4.2100,0.9921,0,0.7217,1,10,0.1961,42.1987,0,1.2142
813,9,600,17,0,64.3006,0.058260,23,1.0000,4.1933,0.9921,0,0.7309,3,10,0.1961,42.3006,0,1.2155
814,9,600,16,0,64.4164,0.058260,23,1.0000,4.1967,0.9921,0,0.7430,1,10,0.1961,42.4164,0,1.2172
815,9,600,10,0,64.7126,0.058260,23,1.0000,4.1833,0.9921,0,0.7813,1,10,0.1961,42.7126,0,1.2221
816,9,600,12,0,64.9527,0.058260,23,1.0000,4.1900,0.9921,0,0.7867,0,10,0.1961,42.9527,0,1.2229
817,9,600,15,0,65.0903,0.058260,23,1.0000,4.1867,0.9922,0,0.7958,0,10,0.1961,43.0903,0,1.2242
818,9,600,14,0,65.2530,0.058268,23,1.0000,4.2067,0.9922,0,0.7681,1,10,0.1961,43.2530,0,1.2204
819,9,600,19,0,65.3006,0.058268,23,1.0000,4.2033,0.9922,0,0.7673,1,10,0.1961,43.3006,0,1.2204
820,9,600,19,0,65.3310,0.058268,23,1.0000,4.2133,0.9922,0,0.7799,1,10,0.1961,43.3310,0,1.2222
821,9,600,19,0,65.3389,0.058268,23,1.0000,4.2067,0.9922,0,0.7631,1,10,0.1961,43.3389,0,1.2201
822,9,600,21,0,65.2693,0.058272,23,1.0000,4.2133,0.9922,0,0.7395,0,10,0.1961,43.2693,0,1.2168
823,9,600,20,0,65.2410,0.058272,23,1.0000,4.2167,0.9922,0,0.7431,1,10,0.1961,43.2410,0,1.2174
824,9,600,16,0,65.3474,0.058281,23,1.0000,4.2200,0.9922,0,0.7360,1,10,0.1961,43.3474,0,1.2162
825,9,600,13,0,65.5604,0.058281,23,1.0000,4.2133,0.9922,0,0.7528,4,10,0.1961,43.5604,0,1.2184
826,9,600,19,0,65.5720,0.058281,23,1.0000,4.2100,0.9922,0,0.7412,1,10,0.1961,43.5720,0,1.2171
827,9,600,16,0,65.7055,0.058281,23,1.0000,4.1967,0.9923,0,0.7502,1,10,0.1961,43.7055,0,1.2184
828,9,600,17,0,65.7834,0.058281,23,1.0000,4.1933,0.9923,0,0.7609,2,10,0.1961,43.7834,0,1.2198
829,9,600,17,0,65.8437,0.058281,23,1.0000,4.2033,0.9923,0,0.7532,3,10,0.1961,43.8437,0,1.2189
830,9,600,8,0,66.1913,0.058281,23,1.0000,4.2133,0.9923,0,0.7730,2,10,0.1961,44.1913,0,1.2215
831,9,600,23,0,66.0460,0.058300,23,1.0000,4.2467,0.9923,0,0.7679,3,10,0.1961,44.0460,0,1.2201
832,9,600,17,0,66.1366,0.058300,23,1.0000,4.2367,0.9923,0,0.7728,1,10,0.1961,44.1366,0,1.2209
833,9,600,18,0,66.1896,0.058300,23,1.0000,4.2400,0.9923,0,0.7676,2,10,0.1961,44.1896,0,1.2203
834,9,600,10,0,66.4807,0.058300,23,1.0000,4.2433,0.9923,0,0.7768,0,10,0.1961,44.4807,0,1.2216
835,9,600,11,0,66.7458,0.058300,23,1.0000,4.2433,0.9923,0,0.7676,1,10,0.1961,44.7458,0,1.2205
836,9,600,16,0,66.8391,0.058314,23,1.0000,4.2500,0.9923,0,0.7663,0,10,0.1961,44.8391,0,1.2201
837,9,600,17,0,66.9291,0.058314,23,1.0000,4.2467,0.9924,0,0.7648,0,10,0.1961,44.9291,0,1.2200
838,9,600,16,0,67.0495,0.058314,23,1.0000,4.2533,0.9924,0,0.7578,1,10,0.1961,45.0495,0,1.2193
839,9,600,15,0,67.2145,0.058314,23,1.0000,4.2533,0.9924,0,0.7294,3,10,0.1961,45.2145,0,1.2159
840,9,600,13,0,67.4377,0.058314,23,1.0000,4.2467,0.9924,0,0.7277,1,10,0.1961,45.4377,0,1.2157
841,9,600,14,0,67.6075,0.058314,23,1.0000,4.2367,0.9924,0,0.7269,3,10,0.1961,45.6075,0,1.2157
842,9,600,22,0,67.4989,0.058314,23,1.0000,4.2533,0.9924,0,0.7393,1,10,0.1961,45.4989,0,1.2173
843,9,600,19,0,67.4808,0.058321,22,1.0000,4.2600,0.9924,0,0.7396,1,10,0.1961,45.4808,0,1.2170
844,9,600,11,0,67.7625,0.058329,22,1.0000,4.2800,0.9924,0,0.7323,0,10,0.1961,45.7625,0,1.2158
845,9,600,20,0,67.7819,0.058329,22,1.0000,4.2767,0.9924,0,0.7436,1,10,0.1961,45.7819,0,1.2173
846,9,600,19,0,67.8025,0.058338,22,1.0000,4.2767,0.9924,0,0.7440,1,10,0.1961,45.8025,0,1.2170
847,9,600,15,0,67.9265,0.058338,22,1.0000,4.2833,0.9925,0,0.7401,1,10,0.1961,45.9265,0,1.2167
848,9,600,13,0,68.1278,0.058338,22,1.0000,4.2767,0.9925,0,0.7395,2,10,0.1961,46.1278,0,1.2168
849,9,600,11,0,68.4039,0.058338,22,1.0000,4.2733,0.9925,0,0.7278,1,10,0.1961,46.4039,0,1.2155
850,9,600,21,0,68.3469,0.058338,22,1.0000,4.2767,0.9925,0,0.7468,1,10,0.1961,46.3469,0,1.2180
851,9,600,20,0,68.3281,0.058338,22,1.0000,4.2633,0.9925,0,0.7689,1,10,0.1961,46.3281,0,1.2209
852,9,600,22,0,68.2127,0.058341,22,1.0000,4.2900,0.9925,0,0.7741,1,10,0.1961,46.2127,0,1.2212
853,9,600,10,0,68.5081,0.058341,22,1.0000,4.2900,0.9925,0,0.7759,1,10,0.1961,46.5081,0,1.2216
854,9,600,12,0,68.7404,0.058341,22,1.0000,4.2867,0.9925,0,0.7705,1,10,0.1961,46.7404,0,1.2210
855,9,600,8,0,69.0843,0.058341,22,1.0000,4.2833,0.9925,0,0.7537,0,10,0.1961,47.0843,0,1.2190
856,9,600,19,0,69.1211,0.058341,22,1.0000,4.3000,0.9925,0,0.7501,4,10,0.1961,47.1211,0,1.2186
857,9,600,14,0,69.3542,0.058341,22,1.0000,4.2800,0.9925,0,0.7463,0,10,0.1961,47.3542,0,1.2181
858,9,600,18,0,69.4276,0.058341,22,1.0000,4.2867,0.9926,0,0.7597,2,10,0.1961,47.4276,0,1.2199
859,9,600,11,0,69.6835,0.058290,21,1.0000,4.2900,0.9926,0,0.7476,0,10,0.1961,47.6835,0,1.2180
860,9,600,17,0,69.7412,0.058290,21,1.0000,4.2833,0.9926,0,0.7542,2,10,0.1961,47.7412,0,1.2189
861,9,600,21,0,69.6601,0.058290,21,1.0000,4.3000,0.9926,0,0.7489,2,10,0.1961,47.6601,0,1.2183
862,9,600,13,0,69.8828,0.058290,21,1.0000,4.2967,0.9926,0,0.7510,0,10,0.1961,47.8828,0,1.2186
863,9,600,16,0,70.0366,0.058302,21,1.0000,4.2967,0.9926,0,0.7522,0,10,0.1961,48.0366,0,1.2184
864,9,600,15,0,70.2238,0.058302,21,1.0000,4.3100,0.9926,0,0.7666,1,10,0.1961,48.2238,0,1.2203
865,9,600,24,0,70.0931,0.058314,21,1.0000,4.3167,0.9926,0,0.7666,1,10,0.1961,48.0931,0,1.2200
866,9,600,18,0,70.1202,0.058323,21,1.0000,4.3167,0.9926,0,0.7701,4,10,0.1961,48.1202,0,1.2202
867,9,600,10,0,70.3862,0.058323,21,1.0000,4.3167,0.9926,0,0.7714,1,10,0.1961,48.3862,0,1.2205
868,9,600,7,0,70.7592,0.058328,21,1.0000,4.3133,0.9926,0,0.7663,0,10,0.1961,48.7592,0,1.2200
869,9,600,17,0,70.8347,0.058353,21,1.0000,4.3233,0.9927,0,0.7575,1,10,0.1961,48.8347,0,1.2186
870,9,600,13,0,71.0786,0.058362,21,1.0000,4.3400,0.9927,0,0.7494,0,10,0.1961,49.0786,0,1.2174
871,9,600,20,0,71.0829,0.058362,21,1.0000,4.3367,0.9927,0,0.7455,2,10,0.1961,49.0829,0,1.2171
872,9,600,19,0,71.1042,0.058362,21,1.0000,4.3233,0.9927,0,0.7481,3,10,0.1961,49.1042,0,1.2176
873,9,600,13,0,71.2778,0.058362,21,1.0000,4.3333,0.9927,0,0.7446,0,10,0.1961,49.2778,0,1.2170
874,9,600,16,0,71.3783,0.058362,21,1.0000,4.3333,0.9927,0,0.7470,1,10,0.1961,49.3783,0,1.2175
875,9,600,18,0,71.4489,0.058362,21,1.0000,4.3200,0.9927,0,0.7501,2,10,0.1961,49.4489,0,1.2181
876,9,600,14,0,71.6560,0.058362,21,1.0000,4.3267,0.9927,0,0.7497,2,10,0.1961,49.6560,0,1.2182
877,9,600,12,0,71.9410,0.058369,21,1.0000,4.3367,0.9927,0,0.7539,0,10,0.1961,49.9410,0,1.2185
878,9,600,15,0,72.0584,0.058369,21,1.0000,4.3333,0.9927,0,0.7641,0,10,0.1961,50.0584,0,1.2199
879,9,600,19,0,72.0467,0.058369,21,1.0000,4.3267,0.9927,0,0.7618,1,10,0.1961,50.0467,0,1.2198
880,9,600,20,0,71.9991,0.058378,21,1.0000,4.3233,0.9928,0,0.7598,0,10,0.1961,49.9991,0,1.2192
881,9,600,17,0,72.0723,0.058378,21,1.0000,4.3200,0.9928,0,0.7478,0,10,0.1961,50.0723,0,1.2179
882,9,600,19,0,72.0978,0.058387,21,1.0000,4.3267,0.9928,0,0.7468,1,10,0.1961,50.0978,0,1.2175
883,9,600,16,0,72.2482,0.058387,21,1.0000,4.3367,0.9928,0,0.7409,0,10,0.1961,50.2482,0,1.2169
884,9,600,16,0,72.3565,0.058384,21,1.0000,4.3367,0.9928,0,0.7372,0,10,0.1961,50.3565,0,1.2162
885,9,600,20,0,72.3093,0.058384,21,1.0000,4.3467,0.9928,0,0.7445,1,10,0.1961,50.3093,0,1.2172
886,9,600,14,0,72.4404,0.058384,21,1.0000,4.3267,0.9928,0,0.7458,2,10,0.1961,50.4404,0,1.2176
887,9,600,11,0,72.6891,0.058396,21,1.0000,4.3500,0.9928,0,0.7412,0,10,0.1961,50.6891,0,1.2167
888,9,600,16,0,72.8205,0.058409,21,1.0000,4.3533,0.9928,0,0.7365,2,10,0.1961,50.8205,0,1.2159
889,9,600,22,0,72.7757,0.058412,21,1.0000,4.3567,0.9928,0,0.7370,1,10,0.1961,50.7757,0,1.2158
890,9,600,17,0,72.8377,0.058438,21,1.0000,4.3667,0.9928,0,0.7500,2,10,0.1961,50.8377,0,1.2168
891,9,600,16,0,72.9233,0.058441,21,1.0000,4.3633,0.9928,0,0.7632,1,10,0.1961,50.9233,0,1.2184
892,9,600,13,0,73.0812,0.058441,21,1.0000,4.3633,0.9929,0,0.7631,6,10,0.1961,51.0812,0,1.2187
893,9,600,17,0,73.1416,0.058441,21,1.0000,4.3667,0.9929,0,0.7567,1,10,0.1961,51.1416,0,1.2183
894,9,600,19,0,73.1640,0.058441,21,1.0000,4.3633,0.9929,0,0.7524,3,10,0.1961,51.1640,0,1.2181
895,9,600,17,0,73.2798,0.058441,21,1.0000,4.3733,0.9929,0,0.7446,0,10,0.1961,51.2798,0,1.2174
896,9,600,18,0,73.3646,0.058441,21,1.0000,4.3700,0.9929,0,0.7539,1,10,0.1961,51.3646,0,1.2188
897,9,600,16,0,73.4814,0.058441,21,1.0000,4.3900,0.9929,0,0.7446,0,10,0.1961,51.4814,0,1.2179
898,9,600,13,0,73.6975,0.058441,21,1.0000,4.3900,0.9929,0,0.7477,1,10,0.1961,51.6975,0,1.2184
899,9,600,17,0,73.7642,0.058441,21,1.0000,4.3933,0.9929,0,0.7481,0,10,0.1961,51.7642,0,1.2185
900,9,600,7,0,74.1705,0.058441,21,1.0000,4.3867,0.9929,0,0.7551,0,10,0.1961,52.1705,0,1.2194
901,9,600,13,0,74.3952,0.058441,21,1.0000,4.3867,0.9929,0,0.7604,0,10,0.1961,52.3952,0,1.2201
902,9,600,17,0,74.4947,0.058450,21,1.0000,4.4033,0.9929,0,0.7664,1,10,0.1961,52.4947,0,1.2204
903,9,600,21,0,74.4445,0.058450,21,1.0000,4.3967,0.9929,0,0.7647,1,10,0.1961,52.4445,0,1.2202
904,9,600,24,0,74.2859,0.058460,21,1.0000,4.4067,0.9930,0,0.7555,1,10,0.1961,52.2859,0,1.2187
905,9,600,19,0,74.3274,0.058450,21,1.0000,4.4067,0.9930,0,0.7597,1,10,0.1961,52.3274,0,1.2189
906,9,600,14,0,74.5067,0.058450,21,1.0000,4.4067,0.9930,0,0.7522,0,10,0.1961,52.5067,0,1.2181
907,9,600,15,0,74.6531,0.058450,21,1.0000,4.4100,0.9930,0,0.7493,3,10,0.1961,52.6531,0,1.2179
908,9,600,9,0,74.9977,0.058450,21,1.0000,4.4133,0.9930,0,0.7522,1,10,0.1961,52.9977,0,1.2185
909,9,600,15,0,75.0944,0.058463,21,1.0000,4.4367,0.9930,0,0.7623,1,10,0.1961,53.0944,0,1.2195
910,9,600,16,0,75.1880,0.058463,21,1.0000,4.4400,0.9930,0,0.7588,1,10,0.1961,53.1880,0,1.2192
911,9,600,9,0,75.5371,0.058463,21,1.0000,4.4367,0.9930,0,0.7568,0,10,0.1961,53.5371,0,1.2191
912,9,600,17,0,75.6210,0.058463,21,1.0000,4.4267,0.9930,0,0.7574,0,10,0.1961,53.6210,0,1.2194
913,9,600,16,0,75.7364,0.058463,21,1.0000,4.4167,0.9930,0,0.7681,0,10,0.1961,53.7364,0,1.2208
914,9,600,8,0,76.0855,0.058463,21,1.0000,4.4200,0.9930,0,0.7666,1,10,0.1961,54.0855,0,1.2203
915,9,600,19,0,76.1364,0.058463,21,1.0000,4.4200,0.9930,0,0.7534,1,10,0.1961,54.1364,0,1.2187
916,9,600,11,0,76.4124,0.058463,21,1.0000,4.4233,0.9931,0,0.7508,0,10,0.1961,54.4124,0,1.2185
917,9,600,18,0,76.4251,0.058463,21,1.0000,4.4333,0.9931,0,0.7539,1,10,0.1961,54.4251,0,1.2190
918,9,600,18,0,76.4622,0.058461,21,1.0000,4.4300,0.9931,0,0.7646,3,10,0.1961,54.4622,0,1.2200
919,9,600,12,0,76.7155,0.058461,21,1.0000,4.4300,0.9931,0,0.7453,1,10,0.1961,54.7155,0,1.2176
920,9,600,12,0,76.9869,0.058461,21,1.0000,4.4267,0.9931,0,0.7537,2,10,0.1961,54.9869,0,1.2188
921,9,600,11,0,77.2890,0.058470,21,1.0000,4.4300,0.9931,0,0.7412,1,10,0.1961,55.2890,0,1.2169
922,9,600,19,0,77.3043,0.058471,21,1.0000,4.4267,0.9931,0,0.7506,0,10,0.1961,55.3043,0,1.2174
923,9,600,22,0,77.1847,0.058471,21,1.0000,4.4300,0.9931,0,0.7557,2,10,0.1961,55.1847,0,1.2183
924,9,600,22,0,77.0382,0.058483,21,1.0000,4.4533,0.9931,0,0.7500,1,10,0.1961,55.0382,0,1.2169
925,9,600,19,0,77.0362,0.058483,21,1.0000,4.4500,0.9931,0,0.7623,1,10,0.1961,55.0362,0,1.2188
926,9,600,17,0,77.1424,0.058483,21,1.0000,4.4333,0.9931,0,0.7535,1,10,0.1961,55.1424,0,1.2180
927,9,600,23,0,77.0554,0.058483,21,1.0000,4.4300,0.9931,0,0.7620,3,10,0.1961,55.0554,0,1.2193
928,9,600,16,0,77.1724,0.058483,21,1.0000,4.4300,0.9932,0,0.7521,0,10,0.1961,55.1724,0,1.2183
929,9,600,17,0,77.2642,0.058483,21,1.0000,4.4333,0.9932,0,0.7493,2,10,0.1961,55.2642,0,1.2182
930,9,600,14,0,77.4151,0.058483,21,1.0000,4.4300,0.9932,0,0.7552,1,10,0.1961,55.4151,0,1.2192
931,9,600,14,0,77.5988,0.058483,21,1.0000,4.4333,0.9932,0,0.7509,2,10,0.1961,55.5988,0,1.2188
932,9,600,13,0,77.8187,0.058483,21,1.0000,4.4367,0.9932,0,0.7680,2,10,0.1961,55.8187,0,1.2210
933,9,600,19,0,77.8633,0.058483,21,1.0000,4.4200,0.9932,0,0.7716,0,10,0.1961,55.8633,0,1.2214
934,9,600,18,0,77.9296,0.058483,21,1.0000,4.4200,0.9932,0,0.7608,1,10,0.1961,55.9296,0,1.2201
935,9,600,16,0,78.0400,0.058483,21,1.0000,4.4367,0.9932,0,0.7541,0,10,0.1961,56.0400,0,1.2188
936,9,600,11,0,78.2885,0.058483,21,1.0000,4.4400,0.9932,0,0.7564,1,10,0.1961,56.2885,0,1.2192
937,9,600,10,0,78.5644,0.058483,21,1.0000,4.4433,0.9932,0,0.7599,0,10,0.1961,56.5644,0,1.2197
938,9,600,16,0,78.6879,0.058483,21,1.0000,4.4467,0.9932,0,0.7483,5,10,0.1961,56.6879,0,1.2183
939,9,600,13,0,78.9029,0.058483,21,1.0000,4.4367,0.9932,0,0.7527,2,10,0.1961,56.9029,0,1.2189
940,9,600,16,0,79.0309,0.058483,21,1.0000,4.4333,0.9932,0,0.7487,0,10,0.1961,57.0309,0,1.2184
941,9,600,13,0,79.2420,0.058483,21,1.0000,4.4400,0.9933,0,0.7336,0,10,0.1961,57.2420,0,1.2166
942,9,600,14,0,79.3968,0.058483,21,1.0000,4.4400,0.9933,0,0.7492,0,10,0.1961,57.3968,0,1.2186
943,9,600,21,0,79.3257,0.058498,21,1.0000,4.4500,0.9933,0,0.7378,1,10,0.1961,57.3257,0,1.2168
944,9,600,16,0,79.4512,0.058498,21,1.0000,4.4533,0.9933,0,0.7417,0,10,0.1961,57.4512,0,1.2173
945,9,600,21,0,79.4381,0.058498,21,1.0000,4.4500,0.9933,0,0.7432,0,10,0.1961,57.4381,0,1.2176
946,9,600,11,0,79.7399,0.058498,21,1.0000,4.4500,0.9933,0,0.7229,1,10,0.1961,57.7399,0,1.2151
947,9,600,20,0,79.7273,0.058507,21,1.0000,4.4600,0.9933,0,0.7348,2,10,0.1961,57.7273,0,1.2162
948,9,600,16,0,79.8121,0.058507,21,1.0000,4.4733,0.9933,0,0.7321,0,10,0.1961,57.8121,0,1.2160
949,9,600,10,0,80.0979,0.058520,21,1.0000,4.4700,0.9933,0,0.7304,1,10,0.1961,58.0979,0,1.2155
950,9,600,15,0,80.2518,0.058520,21,1.0000,4.4833,0.9933,0,0.7441,2,10,0.1961,58.2518,0,1.2173
951,9,600,12,0,80.5177,0.058520,21,1.0000,4.4833,0.9933,0,0.7437,1,10,0.1961,58.5177,0,1.2174
952,9,600,20,0,80.5326,0.058520,21,1.0000,4.4867,0.9933,0,0.7435,0,10,0.1961,58.5326,0,1.2175
953,9,600,19,0,80.5575,0.058520,21,1.0000,4.4933,0.9933,0,0.7415,1,10,0.1961,58.5575,0,1.2170
954,9,600,12,0,80.7951,0.058520,21,1.0000,4.4867,0.9933,0,0.7352,0,10,0.1961,58.7951,0,1.2163
955,9,600,17,0,80.8497,0.058523,21,1.0000,4.4933,0.9934,0,0.7292,0,10,0.1961,58.8497,0,1.2153
956,9,600,14,0,81.0223,0.058526,21,1.0000,4.4933,0.9934,0,0.7307,3,10,0.1961,59.0223,0,1.2152
957,9,600,11,0,81.2965,0.058526,21,1.0000,4.4933,0.9934,0,0.7614,0,10,0.1961,59.2965,0,1.2193
958,9,600,20,0,81.3127,0.058526,21,1.0000,4.5000,0.9934,0,0.7647,1,10,0.1961,59.3127,0,1.2199
959,9,600,15,0,81.4612,0.058526,21,1.0000,4.4900,0.9934,0,0.7616,0,10,0.1961,59.4612,0,1.2196
960,9,600,16,0,81.5574,0.058526,21,1.0000,4.5000,0.9934,0,0.7571,1,10,0.1961,59.5574,0,1.2192
961,9,600,15,0,81.6773,0.058526,21,1.0000,4.5033,0.9934,0,0.7514,6,10,0.1961,59.6773,0,1.2187
962,9,600,16,0,81.7863,0.058526,21,1.0000,4.5067,0.9934,0,0.7464,2,10,0.1961,59.7863,0,1.2181
963,9,600,11,0,82.0473,0.058526,21,1.0000,4.5000,0.9934,0,0.7647,4,10,0.1961,60.0473,0,1.2205
964,9,600,17,0,82.1603,0.058526,21,1.0000,4.5067,0.9934,0,0.7691,2,10,0.1961,60.1603,0,1.2211
965,9,600,22,0,82.1144,0.058526,21,1.0000,4.5033,0.9934,0,0.7722,1,10,0.1961,60.1144,0,1.2215
966,9,600,14,0,82.3064,0.058526,21,1.0000,4.5000,0.9934,0,0.7676,0,10,0.1961,60.3064,0,1.2210
967,9,600,17,0,82.3638,0.058526,21,1.0000,4.5067,0.9934,0,0.7650,0,10,0.1961,60.3638,0,1.2206
968,9,600,11,0,82.6097,0.058533,21,1.0000,4.5033,0.9934,0,0.7401,0,10,0.1961,60.6097,0,1.2171
969,9,600,13,0,82.8101,0.058533,21,1.0000,4.5067,0.9935,0,0.7417,0,10,0.1961,60.8101,0,1.2173
970,9,600,20,0,82.8030,0.058533,21,1.0000,4.5033,0.9935,0,0.7479,1,10,0.1961,60.8030,0,1.2182
971,9,600,13,0,83.0156,0.058541,21,1.0000,4.5033,0.9935,0,0.7446,1,10,0.1961,61.0156,0,1.2174
972,9,600,21,0,82.9811,0.058541,21,1.0000,4.5000,0.9935,0,0.7375,2,10,0.1961,60.9811,0,1.2166
973,9,600,23,0,82.8424,0.058544,21,1.0000,4.5000,0.9935,0,0.7229,4,10,0.1961,60.8424,0,1.2145
974,9,600,13,0,83.0090,0.058544,21,1.0000,4.5000,0.9935,0,0.7305,0,10,0.1961,61.0090,0,1.2156
975,9,600,15,0,83.1410,0.058544,21,1.0000,4.4967,0.9935,0,0.7271,1,10,0.1961,61.1410,0,1.2153
976,9,600,18,0,83.2011,0.058544,21,1.0000,4.5067,0.9935,0,0.7276,0,10,0.1961,61.2011,0,1.2155
977,9,600,13,0,83.4417,0.058544,21,1.0000,4.5100,0.9935,0,0.7296,0,10,0.1961,61.4417,0,1.2159
978,9,600,14,0,83.6330,0.058544,21,1.0000,4.5067,0.9935,0,0.7409,1,10,0.1961,61.6330,0,1.2174
979,9,600,11,0,83.8777,0.058544,21,1.0000,4.5067,0.9935,0,0.7419,0,10,0.1961,61.8777,0,1.2172
980,9,600,16,0,83.9743,0.058544,21,1.0000,4.5000,0.9935,0,0.7422,2,10,0.1961,61.9743,0,1.2174
981,9,600,10,0,84.2544,0.058544,21,1.0000,4.5100,0.9935,0,0.7606,1,10,0.1961,62.2544,0,1.2198
982,9,600,14,0,84.4285,0.058544,21,1.0000,4.5167,0.9935,0,0.7621,1,10,0.1961,62.4285,0,1.2200
983,9,600,16,0,84.5593,0.058544,21,1.0000,4.5300,0.9936,0,0.7618,2,10,0.1961,62.5593,0,1.2200
984,9,600,14,0,84.7549,0.058544,21,1.0000,4.5267,0.9936,0,0.7597,1,10,0.1961,62.7549,0,1.2198
985,9,600,24,0,84.5979,0.058544,21,1.0000,4.5267,0.9936,0,0.7594,2,10,0.1961,62.5979,0,1.2198
986,9,600,18,0,84.6194,0.058544,21,1.0000,4.5267,0.9936,0,0.7635,0,10,0.1961,62.6194,0,1.2204
987,9,600,15,0,84.7266,0.058544,21,1.0000,4.5233,0.9936,0,0.7676,0,10,0.1961,62.7266,0,1.2210
988,9,600,16,0,84.8051,0.058556,21,1.0000,4.5500,0.9936,0,0.7644,3,10,0.1961,62.8051,0,1.2201
989,9,600,16,0,84.9224,0.058575,21,1.0000,4.5500,0.9936,0,0.7726,1,10,0.1961,62.9224,0,1.2208
990,9,600,19,0,84.9521,0.058575,21,1.0000,4.5433,0.9936,0,0.7621,0,10,0.1961,62.9521,0,1.2196
991,9,600,12,0,85.2203,0.058575,21,1.0000,4.5367,0.9936,0,0.7578,0,10,0.1961,63.2203,0,1.2192
992,9,600,11,0,85.4981,0.058575,21,1.0000,4.5433,0.9936,0,0.7638,1,10,0.1961,63.4981,0,1.2200
993,9,600,17,0,85.5460,0.058575,21,1.0000,4.5333,0.9936,0,0.7661,0,10,0.1961,63.5460,0,1.2204
994,9,600,11,0,85.7901,0.058575,21,1.0000,4.5267,0.9936,0,0.7545,0,10,0.1961,63.7901,0,1.2190
995,9,600,11,0,86.0559,0.058575,21,1.0000,4.5267,0.9936,0,0.7565,0,10,0.1961,64.0559,0,1.2194
996,8,600,17,0,86.1648,0.058587,21,1.0000,4.5367,0.9936,0,0.7551,3,10,0.1961,64.1648,0,1.2189
997,8,600,13,0,86.3819,0.058599,21,1.0000,4.5267,0.9937,0,0.7668,2,10,0.1961,64.3819,0,1.2201
998,8,600,19,0,86.4053,0.058597,21,1.0000,4.5333,0.9937,0,0.7687,0,10,0.1961,64.4053,0,1.2196
999,8,600,14,0,86.5610,0.058597,21,1.0000,4.5333,0.9937,0,0.7727,3,10,0.1961,64.5610,0,1.2203
